Project_Name,Property_Type,BHK,Location,Area,Status,Floor,Furnishing,Facing,Transaction,Price_Per_Sqft
,Flat,4 BHK,Kondapur,2306 sqft,Poss. by Mar '27,29 out of 47,Unfurnished,East,New Property,"₹8,500 per sqft"
,Flat,3 BHK,Patancheruvu,1655 sqft,Ready to Move,5 out of 10,Unfurnished,East,New Property,"₹5,500 per sqft"
,Flat,3 BHK,Jubilee Hills,1850 sqft,Ready to Move,18 out of 23,Unfurnished,North,New Property,"₹9,302 per sqft"
,Flat,3 BHK,Kokapet,1128 sqft,Ready to Move,20 out of 40,Unfurnished,East,New Property,"₹12,000 per sqft"
,Flat,3 BHK,Miyapur,1494 sqft,Ready to Move,4 out of 5,Unfurnished,East,New Property,"₹4,999 per sqft"
,Flat,4 BHK,Hitech City,3090 sqft,Ready to Move,16 out of 18,Semi-Furnished,West,Resale,"₹16,181 per sqft"
,Flat,2 BHK,Tellapur,1350 sqft,Ready to Move,6 out of 9,Unfurnished,West,New Property,"₹7,274 per sqft"
,Flat,2 BHK,Gachibowli,1115 sqft,Ready to Move,15 out of 17,Semi-Furnished,East,Resale,"₹11,749 per sqft"
,Flat,3 BHK,Osman Nagar,1600 sqft,Poss. by Jan '30,5 out of 13,Unfurnished,East,New Property,"₹7,200 per sqft"
,Villa,4 BHK,Kompally Hyderabad,3800 sqft,Poss. by Dec '28,,Unfurnished,East,New Property,"₹7,996 per sqft"
,Flat,3 BHK,Manikonda Jagir,2081 sqft,Ready to Move,,Unfurnished,,New Property,"₹10,956 per sqft"
,Flat,3 BHK,Nalagandla,2878 sqft,Poss. by Aug '28,,Unfurnished,,New Property,"₹11,002 per sqft"
,Flat,4 BHK,Kokapet,3465 sqft,Poss. by Dec '28,,Unfurnished,,New Property,"₹11,106 per sqft"
,Flat,3 BHK,Kollur,2100 sqft,Poss. by Dec '26,,Unfurnished,,New Property,"₹6,999 per sqft"
,Flat,3 BHK,Nizampet,1565 sqft,Poss. by Dec '26,,Semi-Furnished,,New Property,"₹6,800 per sqft"
,Villa,4 BHK,Gagillapur Hyderabad,4566 sqft,Ready to Move,,Unfurnished,,New Property,"₹7,200 per sqft"
,Flat,3 BHK,Nalagandla,1690 sqft,Poss. by Aug '28,,Unfurnished,,New Property,"₹8,477 per sqft"
,Flat,3 BHK,Kollur,2314 sqft,Poss. by Jan '33,,Unfurnished,,New Property,"₹7,519 per sqft"
,Flat,3 BHK,Patancheruvu,1972 sqft,Poss. by Dec '26,,Unfurnished,,New Property,"₹5,375 per sqft"
,Villa,4 BHK,Kandi Hyderabad,2400 sqft,Poss. by Oct '26,,Unfurnished,East,New Property,"₹5,500 per sqft"
,Flat,3 BHK,Kompally,1430 sqft,Ready to Move,5 out of 12,Unfurnished,East,New Property,"₹6,500 per sqft"
,Flat,3 BHK,Lingampally,1719 sqft,Poss. by Dec '26,28 out of 28,Unfurnished,West,New Property,"₹8,199 per sqft"
,Flat,4 BHK,Gachibowli,6666 sqft,Ready to Move,10 out of 30,Semi-Furnished,East,New Property,"₹18,002 per sqft"
,Flat,3 BHK,Miyapur,2300 sqft,Poss. by Dec '30,20 out of 52,Unfurnished,West,New Property,"₹8,019 per sqft"
,Flat,3 BHK,Tellapur,1910 sqft,Poss. by Mar '27,9 out of 13,Unfurnished,West,New Property,
,Villa,3 BHK,Nagarjuna Sagar Road Hyderabad,2200 sqft,Ready to Move,,Unfurnished,East,New Property,"₹5,500 per sqft"
,Villa,4 BHK,Shamirpet Hyderabad,3140 sqft,Poss. by Sep '27,,Semi-Furnished,West,New Property,"₹9,381 per sqft"
,Flat,3 BHK,Nalagandla,1600 sqft,Poss. by Dec '26,4 out of 6,Unfurnished,East,New Property,"₹7,199 per sqft"
,Flat,3 BHK,Agricultural Research Institute Quarters,2785 sqft,Poss. by Jul '30,1 out of 1,Unfurnished,,New Property,"₹7,999 per sqft"
,Flat,3 BHK,Gopanpally,1719 sqft,Ready to Move,28 out of 28,Unfurnished,,New Property,"₹8,399 per sqft"
,Apartment,3 BHK,Sanath Nagar,1566 sqft,Poss. by Dec '26,,Unfurnished,,New Property,
,Apartment,3 BHK,Brahman Wadi Begumpet Hyderabad,1920 sqft,Poss. by Dec '28,2 out of 12,Unfurnished,East,New Property,"₹8,999 per sqft"
,Apartment,2 BHK,Gundlapochampally,841 sqft,Ready to Move,1 out of 1,Unfurnished,West,New Property,"₹5,999 per sqft"
,Apartment,3 BHK,Manikonda Jagir Hyderabad,2120 sqft,Poss. by Dec '27,,Unfurnished,,New Property,"₹10,896 per sqft"
,Villa,4 BHK,Medchal Hyderabad,5327 sqft,Poss. by Dec '26,,Unfurnished,,New Property,"₹11,376 per sqft"
,Apartment,4 BHK,Kukatpally,3805 sqft,Poss. by May '30,,Unfurnished,,New Property,"₹8,599 per sqft"
,Apartment,3 BHK,Kokapet,2909 sqft,Poss. by Aug '30,,Unfurnished,,New Property,"₹10,000 per sqft"
,Apartment,3 BHK,Isnapur,1155 sqft,Poss. by Jul '30,,Unfurnished,,New Property,"₹4,599 per sqft"
,Apartment,3 BHK,Satamrai Hyderabad,3260 sqft,Poss. by Dec '27,,Unfurnished,,New Property,"₹5,577 per sqft"
,Apartment,4 BHK,Rajendranagar Mandal Hyderabad,3431 sqft,Poss. by Oct '28,,Unfurnished,,New Property,"₹8,598 per sqft"
,Apartment,4 BHK,Nanakaramguda Hyderabad,5992 sqft,Poss. by Dec '29,,Unfurnished,,New Property,"₹10,999 per sqft"
,Apartment,3 BHK,Sainikpuri Hyderabad,2140 sqft,Ready to Move,,Unfurnished,,New Property,"₹7,363 per sqft"
,Apartment,3 BHK,Saidabad Hyderabad,1702 sqft,Ready to Move,,Unfurnished,,New Property,"₹6,900 per sqft"
,Apartment,3 BHK,Nalagandla Hyderabad,2119 sqft,Poss. by Dec '28,,Unfurnished,,New Property,"₹8,164 per sqft"
,Apartment,3 BHK,Kokapet,2350 sqft,Poss. by Mar '28,,Unfurnished,,New Property,"₹9,490 per sqft"
,Apartment,3 BHK,Patancheruvu Hyderabad,1550 sqft,Ready to Move,,Unfurnished,,New Property,"₹5,200 per sqft"
,Apartment,3 BHK,Pragathi Nagar,1960 sqft,Ready to Move,,Unfurnished,,New Property,"₹5,800 per sqft"
,Apartment,2 BHK,Kollur,1400 sqft,Poss. by Aug '26,,Unfurnished,,New Property,"₹6,666 per sqft"
,Apartment,3 BHK,Gajularamaram Hyderabad,1308 sqft,Poss. by Jun '27,,Unfurnished,,New Property,"₹5,650 per sqft"
,Villa,5 BHK,Attapur Hyderabad,6093 sqft,Poss. by Dec '26,,Unfurnished,,New Property,"₹12,500 per sqft"
,Apartment,3 BHK,Gandi Maisamma,1720 sqft,Poss. by Dec '26,,Unfurnished,,New Property,"₹5,399 per sqft"
,Apartment,3 BHK,Tellapur,2555 sqft,Poss. by Aug '30,,Unfurnished,,New Property,"₹7,499 per sqft"
,Apartment,3 BHK,Dulapally Hyderabad,2235 sqft,Poss. by Mar '28,,Unfurnished,,New Property,"₹6,199 per sqft"
,Apartment,3 BHK,Neknampur Hyderabad,2215 sqft,Ready to Move,,Unfurnished,,New Property,"₹8,835 per sqft"
,Villa,4 BHK,Narsingi,4822 sqft,Poss. by Sep '27,,Unfurnished,,New Property,"₹26,006 per sqft"
,Apartment,3 BHK,Nalagandla Hyderabad,1935 sqft,Poss. by Oct '26,,Unfurnished,,New Property,"₹8,499 per sqft"
,Apartment,2 BHK,Kollur,1430 sqft,Poss. by Dec '26,,Unfurnished,,New Property,"₹6,999 per sqft"
,Apartment,3 BHK,Chanda Nagar Hyderabad,1775 sqft,Poss. by Jan '27,,Unfurnished,,New Property,"₹6,999 per sqft"
,Apartment,3 BHK,Kokapet,2560 sqft,Poss. by Mar '30,,Unfurnished,,New Property,"₹10,999 per sqft"
,Apartment,3 BHK,Tellapur,2189 sqft,Ready to Move,,Unfurnished,,New Property,"₹7,300 per sqft"
,Apartment,3 BHK,Kollur,1839 sqft,Poss. by Sep '30,,Unfurnished,,New Property,"₹6,199 per sqft"
,Apartment,3 BHK,Kokapet,1917 sqft,Poss. by Jul '31,,Unfurnished,,New Property,"₹6,000 per sqft"
,Apartment,3 BHK,Narsingi,2100 sqft,Poss. by Nov '29,,Unfurnished,,New Property,"₹9,476 per sqft"
,Apartment,4 BHK,Rajendranagar Mandal Hyderabad,3571 sqft,,,Unfurnished,,New Property,"₹8,372 per sqft"
,Apartment,4 BHK,Kukatpally,3254 sqft,Poss. by Jun '31,,Unfurnished,,New Property,"₹13,800 per sqft"
,Villa,4 BHK,Medchal Hyderabad,4591 sqft,Poss. by Dec '26,,Unfurnished,,New Property,"₹10,891 per sqft"
,Apartment,4 BHK,Madeenaguda Hyderabad,3270 sqft,Poss. by Jun '29,,Unfurnished,,New Property,"₹10,500 per sqft"
,Apartment,3 BHK,Puppalguda Hyderabad,1715 sqft,Poss. by Dec '29,,Unfurnished,,New Property,"₹9,010 per sqft"
,Villa,4 BHK,Mokila Hyderabad,3200 sqft,Poss. by Dec '28,,Unfurnished,,New Property,"₹9,334 per sqft"
,Builder Floor,4 BHK,Neopolis Hyderabad,3220 sqft,Poss. by Jul '30,,Unfurnished,,New Property,"₹10,870 per sqft"
,Villa,4 BHK,Velmala Hyderabad,5200 sqft,Poss. by Jun '27,,Unfurnished,,New Property,"₹11,000 per sqft"
,Apartment,2 BHK,Manikonda Jagir Hyderabad,1380 sqft,Poss. by Jul '27,,Unfurnished,,New Property,"₹9,200 per sqft"
,Villa,3 BHK,Suchitra Hyderabad,3100 sqft,Poss. by Jun '27,,Unfurnished,East,New Property,"₹7,500 per sqft"
,Apartment,5 BHK,Kokapet,5218 sqft,Poss. by Jan '28,,Unfurnished,,New Property,"₹14,260 per sqft"
,Apartment,3 BHK,Nizampet Hyderabad,1930 sqft,Poss. by Nov '26,,Unfurnished,,New Property,"₹7,800 per sqft"
,Apartment,4 BHK,Shilpa Hills Hyderabad,2964 sqft,Poss. by Dec '26,4 out of 27,Furnished,East,New Property,"₹14,000 per sqft"
,Apartment,2 BHK,Nagole Hyderabad,950 sqft,Poss. by Dec '27,1 out of 5,Unfurnished,East,New Property,"₹4,999 per sqft"
,Apartment,4 BHK,Neopolis Hyderabad,2161 sqft,,20 out of 36,Unfurnished,West,New Property,
,Villa,4 BHK,Kismatpur,4585 sqft,Poss. by Dec '28,,Unfurnished,,New Property,"₹15,005 per sqft"
,Apartment,2 BHK,Tellapur,1355 sqft,Poss. by Oct '26,15 out of 39,Unfurnished,West,Resale,"₹11,808 per sqft"
,Apartment,3 BHK,Tellapur,1258 sqft,Poss. by Mar '31,25 out of 52,Unfurnished,East,New Property,"₹7,520 per sqft"
,Apartment,3 BHK,Sai Nagar Komapally Hyderabad,1845 sqft,Poss. by Jun '27,3 out of 10,Unfurnished,East,New Property,"₹7,730 per sqft"
,Apartment,2 BHK,Manchirevula,1295 sqft,Poss. by Oct '28,6 out of 10,Unfurnished,West,New Property,"₹7,000 per sqft"
,Villa,5 BHK,Adarsh Nagar Colony Nagole Hyderabad,3500 sqft,Ready to Move,,Semi-Furnished,East,Resale,"₹11,429 per sqft"
,Apartment,3 BHK,Kondapur Hyderabad,1921 sqft,Ready to Move,12 out of 22,Unfurnished,East,New Property,"₹8,896 per sqft"
,Apartment,3 BHK,Budwel Hyderabad,1594 sqft,Poss. by Mar '30,10 out of 34,Unfurnished,East,New Property,"₹8,600 per sqft"
,Apartment,3 BHK,Phase 1 KPHB Hyderabad,2400 sqft,Ready to Move,1 out of 40,Unfurnished,East,New Property,"₹8,221 per sqft"
,Apartment,2 BHK,Narsingi,959 sqft,Ready to Move,20 out of 40,Unfurnished,North - East,Resale,"₹11,825 per sqft"
,Apartment,4 BHK,Tellapur,3013 sqft,Poss. by Mar '31,10 out of 52,Unfurnished,East,New Property,
,Apartment,3 BHK,Ameenpur Hyderabad,779 sqft,Ready to Move,5 out of 12,Unfurnished,East,New Property,"₹8,181 per sqft"
,Villa,4 BHK,Cherlapalli Hyderabad,2674 sqft,Ready to Move,,Unfurnished,,New Property,"₹7,614 per sqft"
,Apartment,3 BHK,Tellapur,1930 sqft,Poss. by Jan '30,,Unfurnished,,New Property,"₹6,249 per sqft"
,Apartment,3 BHK,Yapral Hyderabad,1450 sqft,Ready to Move,,Unfurnished,,New Property,"₹5,000 per sqft"
,Apartment,3 BHK,Kukatpally,2480 sqft,Poss. by Feb '30,,Unfurnished,,New Property,"₹8,923 per sqft"
,Apartment,3 BHK,Dollar Hills Hyderabad,1376 sqft,Poss. by Nov '26,3 out of 5,Unfurnished,East,New Property,"₹6,200 per sqft"
,Apartment,4 BHK,Shaikpet Hyderabad,5216 sqft,Ready to Move,21 out of 35,Unfurnished,West,Resale,"₹15,721 per sqft"
,Villa,4 BHK,Gandipet Hyderabad,6666 sqft,Ready to Move,,Semi-Furnished,North - East,New Property,"₹21,002 per sqft"
,Apartment,3 BHK,Kollur,1287 sqft,Poss. by Dec '28,8 out of 15,Unfurnished,North - East,New Property,"₹9,700 per sqft"
,Apartment,2 BHK,Osman Nagar Hyderabad,1420 sqft,Poss. by Jun '29,11 out of 28,Unfurnished,East,New Property,"₹7,500 per sqft"
,Apartment,4 BHK,Financial District,4750 sqft,Ready to Move,6 out of 45,Semi-Furnished,North,Resale,"₹14,863 per sqft"
,Villa,6 BHK,MLA Colony Banjara Hills Hyderabad,7000 sqft,Ready to Move,,Furnished,South,Resale,"₹23,571 per sqft"
,Villa,5 BHK,Kismatpur,4687 sqft,Ready to Move,,Unfurnished,East,New Property,"₹15,788 per sqft"
,Villa,5 BHK,Kondapur Hyderabad,5850 sqft,Ready to Move,,Semi-Furnished,East,Resale,"₹28,842 per sqft"
,Apartment,3 BHK,Kokapet,2124 sqft,Ready to Move,19 out of 38,Unfurnished,West,New Property,"₹13,606 per sqft"
,Apartment,2 BHK,Puppalguda Hyderabad,914 sqft,Ready to Move,21 out of 34,Semi-Furnished,East,Resale,"₹13,250 per sqft"
,Apartment,2 BHK,Block C Sri Ramnagar Hyderabad,1457 sqft,Ready to Move,3 out of 22,Semi-Furnished,West,Resale,"₹9,609 per sqft"
,Apartment,4 BHK,Kokapet,3734 sqft,Poss. by Feb '30,,Unfurnished,,New Property,"₹12,999 per sqft"
,House,7 BHK,Warasiguda Hyderabad,2570 sqft,Ready to Move,,Unfurnished,West,Resale,"₹9,251 per sqft"
,Apartment,3 BHK,Tarnaka Hyderabad,1550 sqft,Poss. by Oct '26,3 out of 5,Unfurnished,West,New Property,"₹5,155 per sqft"
,Apartment,3 BHK,Gangaram Chanda Nagar Hyderabad,1320 sqft,Poss. by Dec '26,6 out of 12,Unfurnished,East,New Property,"₹7,350 per sqft"
,Apartment,3 BHK,Narsingi,2660 sqft,,,Unfurnished,,New Property,"₹11,021 per sqft"
,Villa,3 BHK,Ankushapur Hyderabad,1680 sqft,Poss. by Aug '27,,Unfurnished,,New Property,"₹6,875 per sqft"
,Apartment,4 BHK,Kokapet,4115 sqft,Poss. by Jan '28,,Unfurnished,,New Property,"₹11,744 per sqft"
,Villa,5 BHK,Mokila Hyderabad,8304 sqft,Poss. by Jul '30,,Unfurnished,,New Property,"₹17,000 per sqft"
,Apartment,3 BHK,Tellapur,2180 sqft,Poss. by Jan '28,,Unfurnished,,New Property,"₹9,233 per sqft"
,Apartment,3 BHK,Sanath Nagar,2260 sqft,Poss. by Dec '26,,Unfurnished,,New Property,
,Apartment,4 BHK,Manchirevula,5725 sqft,Poss. by Nov '28,,Unfurnished,,New Property,"₹9,199 per sqft"
,Apartment,4 BHK,Attapur Hyderabad,5345 sqft,,,Unfurnished,,New Property,"₹8,750 per sqft"
,Apartment,3 BHK,Gundlapochampally,1600 sqft,Poss. by Dec '27,,Unfurnished,,New Property,"₹4,500 per sqft"
,Apartment,3 BHK,Kapra Hyderabad,1770 sqft,,,Unfurnished,,New Property,"₹5,400 per sqft"
,Apartment,3 BHK,Chanda Nagar Hyderabad,2600 sqft,Poss. by Aug '28,,Unfurnished,,New Property,"₹6,999 per sqft"
,Apartment,4 BHK,Neopolis Hyderabad,4565 sqft,Poss. by Jul '30,,Unfurnished,,New Property,"₹9,331 per sqft"
,Apartment,2 BHK,Jeedimetla Hyderabad,1480 sqft,,,Unfurnished,,New Property,"₹5,900 per sqft"
,Apartment,4 BHK,Gaganpahad Hyderabad,3370 sqft,Poss. by Jul '30,,Unfurnished,,New Property,"₹8,199 per sqft"
,Apartment,3 BHK,Miyapur,1985 sqft,Poss. by Sep '28,,Unfurnished,,New Property,"₹7,899 per sqft"
,Villa,3 BHK,Kandi Hyderabad,,,,Unfurnished,,New Property,"₹5,358 per sqft"
,Apartment,3 BHK,Rajendranagar Mandal Hyderabad,2673 sqft,Poss. by Jul '30,,Unfurnished,,New Property,"₹8,372 per sqft"
,Villa,5 BHK,Mokila Hyderabad,5928 sqft,,,Unfurnished,,New Property,"₹12,499 per sqft"
,Apartment,3 BHK,Balanagar Hyderabad,2296 sqft,Poss. by Feb '29,,Unfurnished,,New Property,"₹11,353 per sqft"
,Apartment,3 BHK,Manikonda Jagir Hyderabad,1780 sqft,,,Unfurnished,,New Property,"₹7,799 per sqft"
,Apartment,4 BHK,Rai Durg Hyderabad,6069 sqft,Poss. by May '28,,Unfurnished,,New Property,"₹15,000 per sqft"
,Apartment,4 BHK,Kokapet,5465 sqft,Poss. by Jan '28,,Unfurnished,,New Property,"₹13,141 per sqft"
,Apartment,3 BHK,Narsingi,3330 sqft,Poss. by Jan '27,,Unfurnished,,New Property,"₹8,500 per sqft"
,Apartment,4 BHK,Nanakaramguda Hyderabad,6085 sqft,,,Unfurnished,,New Property,"₹10,505 per sqft"
,Apartment,3 BHK,Kondapur Hyderabad,2450 sqft,Poss. by Jul '31,,Unfurnished,,New Property,"₹8,100 per sqft"
,Apartment,4 BHK,Kokapet,4335 sqft,Poss. by Aug '31,,Unfurnished,,New Property,"₹8,504 per sqft"
,Apartment,3 BHK,Miyapur,2285 sqft,,,Unfurnished,,New Property,"₹6,499 per sqft"
,Apartment,3 BHK,Kollur,2150 sqft,,,Unfurnished,,New Property,"₹6,500 per sqft"
,Apartment,3 BHK,Kharmanghat Hyderabad,1820 sqft,,,Unfurnished,,New Property,"₹6,200 per sqft"
,Villa,3 BHK,Kollur,3060 sqft,,,Unfurnished,,New Property,"₹7,859 per sqft"
,Apartment,3 BHK,Kompally Hyderabad,1895 sqft,Poss. by May '28,,Unfurnished,,New Property,"₹5,999 per sqft"
,Apartment,3 BHK,Nalagandla Hyderabad,2080 sqft,Poss. by Jun '27,,Unfurnished,,New Property,"₹7,499 per sqft"
,Apartment,3 BHK,Nagole Hyderabad,1494 sqft,Poss. by Oct '26,,Unfurnished,,New Property,"₹6,500 per sqft"
,Apartment,4 BHK,Rai Durg Hyderabad,6605 sqft,,,Unfurnished,,New Property,"₹14,000 per sqft"
,Apartment,3 BHK,Moti Nagar Erragadda Hyderabad,1793 sqft,Poss. by Nov '29,,Unfurnished,,New Property,"₹11,712 per sqft"
,Apartment,3 BHK,Puppalguda Hyderabad,2065 sqft,,,Unfurnished,,New Property,"₹9,500 per sqft"
,Apartment,2 BHK,Kollur,1325 sqft,,,Unfurnished,,New Property,"₹7,299 per sqft"
,Apartment,2 BHK,Indresham,1180 sqft,,,Unfurnished,,New Property,"₹4,594 per sqft"
,Apartment,3 BHK,Financial District,1732 sqft,,,Unfurnished,,New Property,"₹10,574 per sqft"
,Apartment,3 BHK,Kokapet,3078 sqft,,,Unfurnished,,New Property,"₹15,999 per sqft"
,Apartment,2 BHK,Yapral Hyderabad,100 sqft,Poss. by Sep '26,Upper Basement out of 5,Semi-Furnished,East,New Property,"₹5,502 per sqft"
,Apartment,3 BHK,Rajendranagar Mandal Hyderabad,1985 sqft,Poss. by Dec '26,,Unfurnished,,New Property,"₹7,500 per sqft"
,Apartment,3 BHK,Kompally Hyderabad,2700 sqft,Poss. by Jun '27,,Unfurnished,,New Property,"₹7,000 per sqft"
,Apartment,3 BHK,HUDA Layout Nalagandla Hyderabad,1500 sqft,Ready to Move,5 out of 20,Semi-Furnished,West,Resale,"₹10,000 per sqft"
,Apartment,2 BHK,Kukatpally,1235 sqft,Ready to Move,4 out of 5,Furnished,East,Resale,"₹7,935 per sqft"
,Apartment,4 BHK,Narsingi,2630 sqft,Ready to Move,1 out of 18,Semi-Furnished,East,Resale,"₹8,745 per sqft"
,Apartment,4 BHK,Kondapur Hyderabad,3160 sqft,Ready to Move,20 out of 20,Unfurnished,East,Resale,"₹14,494 per sqft"
,Apartment,4 BHK,Gachibowli Hyderabad,2490 sqft,Ready to Move,10 out of 22,Semi-Furnished,East,Resale,"₹28,112 per sqft"
,Apartment,3 BHK,Kondapur Hyderabad,2390 sqft,Ready to Move,7 out of 20,Semi-Furnished,East,Resale,"₹15,983 per sqft"
,Apartment,3 BHK,Narsingi,1960 sqft,Ready to Move,9 out of 15,Unfurnished,West,New Property,"₹8,800 per sqft"
,Apartment,3 BHK,Ameenpur Hyderabad,1275 sqft,Ready to Move,5 out of 5,Unfurnished,West,New Property,"₹5,200 per sqft"
,Apartment,3 BHK,Nalagandla Hyderabad,1495 sqft,Ready to Move,9 out of 26,Unfurnished,East,Resale,"₹11,639 per sqft"
,Apartment,3 BHK,Tellapur,2550 sqft,Ready to Move,35 out of 40,Unfurnished,West,New Property,"₹9,882 per sqft"
,Apartment,3 BHK,Alkapoor Hyderabad,1300 sqft,Ready to Move,4 out of 5,Unfurnished,East,New Property,"₹7,333 per sqft"
,Apartment,4 BHK,Nalagandla Hyderabad,2765 sqft,Ready to Move,23 out of 26,Unfurnished,East,New Property,"₹13,092 per sqft"
,Villa,4 BHK,Kollur,3000 sqft,Ready to Move,,Unfurnished,West,New Property,"₹11,633 per sqft"
,Apartment,3 BHK,Deepthisri Nagar,2000 sqft,Ready to Move,1 out of 4,Unfurnished,North,New Property,"₹6,200 per sqft"
,Apartment,3 BHK,Alkapur Township,1400 sqft,Ready to Move,Ground out of 5,Semi-Furnished,East,Resale,"₹11,250 per sqft"
,Apartment,2 BHK,Vishali Nagar Hyderabad,1250 sqft,Ready to Move,2 out of 5,Semi-Furnished,North,New Property,"₹6,800 per sqft"
,Apartment,3 BHK,Phase 2 HITEC City Hyderabad,1750 sqft,Ready to Move,11 out of 35,Unfurnished,East,New Property,"₹10,400 per sqft"
,Villa,4 BHK,Kondapur Hyderabad,3610 sqft,Ready to Move,,Unfurnished,East,Resale,"₹20,776 per sqft"
,Apartment,3 BHK,Kondapur Hyderabad,1655 sqft,Poss. by Jun '27,2 out of 18,Unfurnished,East,New Property,"₹9,325 per sqft"
,Villa,3 BHK,Kompally Hyderabad,2600 sqft,Ready to Move,,Semi-Furnished,East,Resale,"₹8,889 per sqft"
,Apartment,3 BHK,Narsingi,1400 sqft,Ready to Move,8 out of 33,Semi-Furnished,East,Resale,"₹12,159 per sqft"
,Apartment,3 BHK,Alkapoor Hyderabad,2320 sqft,Poss. by Dec '29,15 out of 36,Unfurnished,East,New Property,"₹8,492 per sqft"
,Apartment,3 BHK,Gachibowli Hyderabad,1919 sqft,Ready to Move,15 out of 32,Semi-Furnished,East,New Property,"₹13,549 per sqft"
,Apartment,3 BHK,Nalagandla Hyderabad,1212 sqft,Ready to Move,12 out of 26,Unfurnished,East,Resale,"₹12,329 per sqft"
,Villa,3 BHK,Patancheruvu Hyderabad,2036 sqft,Ready to Move,,Semi-Furnished,East,New Property,"₹7,122 per sqft"
,Apartment,3 BHK,Serilingampalle M Hyderabad,1877 sqft,Ready to Move,17 out of 50,Unfurnished,West,New Property,"₹9,963 per sqft"
,Apartment,3 BHK,Kondapur Hyderabad,2225 sqft,Ready to Move,10 out of 19,Semi-Furnished,West,Resale,"₹14,764 per sqft"
,Apartment,3 BHK,Puppalguda Hyderabad,1400 sqft,Ready to Move,25 out of 36,Unfurnished,West,Resale,"₹11,800 per sqft"
,Apartment,2 BHK,Puppalguda Hyderabad,1341 sqft,Ready to Move,6 out of 31,Unfurnished,West,Resale,"₹11,559 per sqft"
,House,5 BHK,MLR Colony Dammaiguda Hyderabad,,Ready to Move,,Furnished,West,Resale,"₹11,976 per sqft"
,Apartment,3 BHK,Miyapur,1555 sqft,Ready to Move,4 out of 9,Semi-Furnished,West,Resale,"₹7,188 per sqft"
,Apartment,3 BHK,Power Welfare Society Hyderabad,2944 sqft,Ready to Move,25 out of 33,Unfurnished,,Resale,"₹13,791 per sqft"
,Apartment,3 BHK,Gopanpalle Hyderabad,1250 sqft,Ready to Move,12 out of 12,Semi-Furnished,East,Resale,"₹10,000 per sqft"
,Apartment,2 BHK,Moti Nagar Erragadda Hyderabad,895 sqft,Ready to Move,2 out of 5,Furnished,West,Resale,"₹7,778 per sqft"
,Apartment,2 BHK,Bachupally Hyderabad,792 sqft,Ready to Move,26 out of 33,Semi-Furnished,East,Resale,"₹7,784 per sqft"
,House,5 BHK,Old Alwal Hyderabad,1100 sqft,Ready to Move,,Semi-Furnished,,Resale,"₹16,250 per sqft"
,Apartment,2 BHK,Nizampet Hyderabad,1020 sqft,Ready to Move,1 out of 5,Unfurnished,East,Resale,"₹5,963 per sqft"
,Apartment,2 BHK,Kompally Hyderabad,1250 sqft,Ready to Move,13 out of 15,Semi-Furnished,West,Resale,"₹7,597 per sqft"
,Apartment,2 BHK,Bandlaguda Jagir Hyderabad,1300 sqft,Ready to Move,4 out of 15,Unfurnished,East,Resale,"₹7,473 per sqft"
,Apartment,4 BHK,Kompally Hyderabad,2498 sqft,Ready to Move,7 out of 8,Semi-Furnished,East,Resale,"₹8,009 per sqft"
,Apartment,2 BHK,Bachupally Hyderabad,1181 sqft,Ready to Move,Ground out of 6,Furnished,West,Resale,"₹8,383 per sqft"
,Apartment,3 BHK,Shaikpet Hyderabad,1572 sqft,Ready to Move,13 out of 14,Unfurnished,West,Resale,"₹11,624 per sqft"
,Villa,4 BHK,Kondapur Hyderabad,2800 sqft,Ready to Move,,Semi-Furnished,East,Resale,"₹14,789 per sqft"
,Apartment,2 BHK,Bandlaguda Jagir Hyderabad,1550 sqft,Ready to Move,2 out of 14,Semi-Furnished,East,Resale,"₹7,165 per sqft"
,Apartment,4 BHK,Izzathnagar Hyderabad,2650 sqft,Ready to Move,2 out of 40,Furnished,North - East,Resale,"₹16,667 per sqft"
,Apartment,2 BHK,AS Rao Nagar Hyderabad,1012 sqft,Ready to Move,8 out of 25,Semi-Furnished,West,Resale,"₹4,990 per sqft"
,Apartment,3 BHK,Doctors Colony Madhapur Hyderabad,1950 sqft,Ready to Move,2 out of 6,Furnished,East,New Property,"₹10,532 per sqft"
,Apartment,3 BHK,Narsingi,1800 sqft,Ready to Move,18 out of 18,Semi-Furnished,East,Resale,"₹12,064 per sqft"
,Apartment,3 BHK,Hayathnagar Khalsa Hyderabad,1800 sqft,Ready to Move,1 out of 4,Unfurnished,North,Resale,"₹5,244 per sqft"
,Apartment,3 BHK,Nalagandla Hyderabad,1760 sqft,Ready to Move,5 out of 10,Semi-Furnished,East,Resale,"₹9,773 per sqft"
,Apartment,2 BHK,Vijaya Nagar Colony Hyderabad,1200 sqft,Ready to Move,2 out of 4,Furnished,North - East,Resale,"₹7,200 per sqft"
,Apartment,3 BHK,Osman Nagar Hyderabad,1400 sqft,Ready to Move,3 out of 18,Unfurnished,East,Resale,"₹8,878 per sqft"
,Apartment,3 BHK,Lingampally Serilingampalle Hyderabad,1300 sqft,Ready to Move,1 out of 6,Semi-Furnished,East,Resale,"₹7,333 per sqft"
,Apartment,3 BHK,Miyapur,1280 sqft,Ready to Move,5 out of 5,Unfurnished,East,Resale,"₹9,154 per sqft"
,Apartment,3 BHK,Ammuguda Hyderabad,1357 sqft,Ready to Move,3 out of 5,Unfurnished,West,Resale,"₹8,236 per sqft"
,Apartment,3 BHK,Sri Ram Nagar Kondapur Hyderabad,1700 sqft,Ready to Move,3 out of 5,Semi-Furnished,,Resale,"₹10,294 per sqft"
,Apartment,2 BHK,Patancheruvu Hyderabad,1065 sqft,Ready to Move,9 out of 14,Unfurnished,West,New Property,"₹7,042 per sqft"
,Apartment,3 BHK,Allwyn Colony Hyderabad,980 sqft,Ready to Move,3 out of 5,Unfurnished,East,Resale,"₹5,538 per sqft"
,Apartment,3 BHK,Madhura Nagar Hyderabad,1600 sqft,Ready to Move,1 out of 5,Semi-Furnished,East,Resale,"₹7,647 per sqft"
,House,7 BHK,Kompally Hyderabad,5400 sqft,Ready to Move,,Semi-Furnished,East,Resale,"₹3,333 per sqft"
,Apartment,2 BHK,Madhapur Hyderabad,1051 sqft,Ready to Move,1 out of 5,Unfurnished,North - East,Resale,"₹7,464 per sqft"
,Apartment,3 BHK,Kompally Hyderabad,1600 sqft,Ready to Move,2 out of 5,Unfurnished,East,Resale,"₹4,927 per sqft"
,Apartment,4 BHK,Hitech City Hyderabad,3480 sqft,Ready to Move,4 out of 10,Furnished,North,Resale,"₹12,931 per sqft"
,Apartment,4 BHK,Nalagandla Hyderabad,1792 sqft,Ready to Move,8 out of 24,Furnished,West,Resale,"₹13,872 per sqft"
,Apartment,3 BHK,Kismatpur,1255 sqft,Ready to Move,4 out of 5,Unfurnished,West,Resale,"₹6,746 per sqft"
,Apartment,3 BHK,Nizampet Hyderabad,1405 sqft,Ready to Move,6 out of 6,Semi-Furnished,West,Resale,"₹5,409 per sqft"
,Apartment,3 BHK,Kondapur Hyderabad,1459 sqft,Ready to Move,Ground out of 12,Furnished,West,Resale,"₹12,680 per sqft"
,Apartment,2 BHK,Hitech City Hyderabad,1000 sqft,Ready to Move,13 out of 14,Semi-Furnished,North,Resale,"₹9,282 per sqft"
,Villa,4 BHK,Mamidpally Hyderabad,3400 sqft,Ready to Move,,Semi-Furnished,East,Resale,"₹10,432 per sqft"
,Builder Floor,3 BHK,Kamalapuri Colony Hyderabad,1750 sqft,Ready to Move,2 out of 3,Semi-Furnished,North - East,Resale,"₹9,167 per sqft"
,Apartment,3 BHK,Bandlaguda Jagir Hyderabad,1400 sqft,Ready to Move,15 out of 15,Unfurnished,North,New Property,"₹7,880 per sqft"
,Apartment,3 BHK,Nizampet Hyderabad,1790 sqft,Ready to Move,4 out of 5,Furnished,West,Resale,"₹7,250 per sqft"
,Apartment,4 BHK,Banjara Hills,3250 sqft,Ready to Move,1 out of 2,Semi-Furnished,East,Resale,"₹10,738 per sqft"
,Apartment,2 BHK,Narepally Hyderabad,970 sqft,Ready to Move,2 out of 5,Unfurnished,West,Resale,"₹5,350 per sqft"
,Apartment,2 BHK,Yapral Hyderabad,1190 sqft,Ready to Move,2 out of 5,Unfurnished,East,New Property,"₹5,897 per sqft"
,Apartment,3 BHK,Tellapur,1500 sqft,Ready to Move,2 out of 7,Semi-Furnished,East,Resale,"₹5,714 per sqft"
,Builder Floor,2 BHK,Ameerpet,950 sqft,Ready to Move,3 out of 6,Semi-Furnished,South,Resale,"₹6,186 per sqft"
,Apartment,3 BHK,Mokila Hyderabad,1200 sqft,Ready to Move,9 out of 17,Unfurnished,East,Resale,"₹5,886 per sqft"
,Apartment,3 BHK,Nalagandla Hyderabad,1659 sqft,Ready to Move,1 out of 14,Semi-Furnished,West,Resale,
,Apartment,2 BHK,Shamshabad Hyderabad,900 sqft,Ready to Move,2 out of 14,Unfurnished,West,New Property,"₹8,327 per sqft"
,Apartment,2 BHK,Kukatpally,1010 sqft,Ready to Move,7 out of 7,Semi-Furnished,South,Resale,"₹9,263 per sqft"
,Apartment,3 BHK,AS Raju Nagar Vivekananda Nagar Hyderabad,1400 sqft,Ready to Move,3 out of 5,Furnished,West,Resale,"₹7,500 per sqft"
,Apartment,3 BHK,Mallampet,1600 sqft,Ready to Move,5 out of 5,Unfurnished,East,Resale,"₹5,169 per sqft"
,Apartment,3 BHK,Bachupally Hyderabad,850 sqft,Ready to Move,22 out of 33,Unfurnished,East,Resale,"₹8,500 per sqft"
,Apartment,3 BHK,Kompally Hyderabad,1600 sqft,Ready to Move,7 out of 8,Semi-Furnished,North - East,Resale,"₹6,695 per sqft"
,Apartment,2 BHK,Kompally Hyderabad,591 sqft,Ready to Move,5 out of 5,Semi-Furnished,East,Resale,"₹7,363 per sqft"
,Apartment,3 BHK,Yapral Hyderabad,1919 sqft,Ready to Move,1 out of 5,Furnished,,Resale,
,Apartment,3 BHK,Ameerpet,2000 sqft,Ready to Move,2 out of 5,Semi-Furnished,East,Resale,"₹12,242 per sqft"
,Apartment,2 BHK,Moti Nagar Erragadda Hyderabad,905 sqft,Ready to Move,5 out of 5,Unfurnished,East,Resale,"₹8,247 per sqft"
,Apartment,3 BHK,Kondapur Hyderabad,2000 sqft,Ready to Move,5 out of 5,Semi-Furnished,South,Resale,"₹7,933 per sqft"
,Apartment,3 BHK,Nizampet Hyderabad,1780 sqft,Ready to Move,5 out of 5,Furnished,North - East,Resale,"₹8,989 per sqft"
,Apartment,3 BHK,HUDA Layout Nalagandla Hyderabad,1910 sqft,Ready to Move,8 out of 26,Unfurnished,,New Property,"₹11,000 per sqft"
,Apartment,3 BHK,Kondapur Hyderabad,1855 sqft,Ready to Move,23 out of 25,Semi-Furnished,North,Resale,"₹12,938 per sqft"
,Apartment,2 BHK,Tellapur,950 sqft,Ready to Move,5 out of 9,Semi-Furnished,East,Resale,"₹6,667 per sqft"
,Apartment,3 BHK,Tellapur,2045 sqft,Ready to Move,8 out of 40,Unfurnished,East,Resale,"₹9,584 per sqft"
,House,4 BHK,Tellapur,3666 sqft,Ready to Move,,Furnished,East,Resale,"₹20,458 per sqft"
,Villa,3 BHK,Beeramguda Ramachandrapuram Hyderabad,1600 sqft,Ready to Move,,Unfurnished,West,Resale,"₹10,167 per sqft"
,Apartment,3 BHK,Kavuri Hills,2625 sqft,Ready to Move,4 out of 14,Semi-Furnished,West,Resale,"₹14,857 per sqft"
,Villa,4 BHK,Patancheruvu Hyderabad,2500 sqft,Ready to Move,,Unfurnished,East,Resale,"₹6,800 per sqft"
,Apartment,3 BHK,Kollur,2310 sqft,Poss. by Dec '26,20 out of 23,Unfurnished,East,New Property,"₹5,628 per sqft"
,Apartment,3 BHK,Kollur,2000 sqft,Poss. by Dec '27,11 out of 35,Unfurnished,East,Resale,"₹3,600 per sqft"
,House,6 BHK,Jubilee Hills Check Post Road Hyderabad,6000 sqft,Ready to Move,,Semi-Furnished,North - East,Resale,"₹25,714 per sqft"
,Villa,4 BHK,Dulapally Cross Road Hyderabad,4554 sqft,Ready to Move,,Unfurnished,East,Resale,"₹9,442 per sqft"
,Apartment,2 BHK,Nalagandla Hyderabad,798 sqft,Ready to Move,5 out of 26,Furnished,East,Resale,"₹12,097 per sqft"
,Villa,3 BHK,Peddakanjerla Hyderabad,2500 sqft,Ready to Move,,Unfurnished,East,Resale,"₹6,760 per sqft"
,House,3 BHK,Patancheruvu Hyderabad,1200 sqft,Ready to Move,,Unfurnished,West,Resale,"₹7,793 per sqft"
,Apartment,2 BHK,Sainikpuri Hyderabad,653 sqft,Ready to Move,2 out of 10,Semi-Furnished,East,Resale,"₹5,820 per sqft"
,Apartment,2 BHK,Nalagandla Hyderabad,823 sqft,Ready to Move,8 out of 12,Unfurnished,East,Resale,"₹9,721 per sqft"
,Apartment,2 BHK,Medchal Hyderabad,840 sqft,Ready to Move,3 out of 5,Semi-Furnished,East,Resale,"₹3,400 per sqft"
,Villa,4 BHK,Tukkuguda,4250 sqft,Poss. by Dec '27,,Unfurnished,East,New Property,"₹8,824 per sqft"
,Apartment,2 BHK,Rajendranagar Mandal Hyderabad,990 sqft,Ready to Move,7 out of 9,Semi-Furnished,East,Resale,"₹6,768 per sqft"
,Apartment,2 BHK,Narsingi,1285 sqft,Ready to Move,3 out of 5,Semi-Furnished,West,Resale,"₹9,339 per sqft"
,Apartment,3 BHK,Kukatpally,1620 sqft,Ready to Move,Ground out of 5,Unfurnished,,Resale,"₹9,259 per sqft"
,Villa,4 BHK,Gopanapalli Thanda Hyderabad,4000 sqft,Ready to Move,,Semi-Furnished,East,New Property,"₹21,875 per sqft"
,Apartment,3 BHK,Puppalguda Hyderabad,1140 sqft,Ready to Move,2 out of 2,Unfurnished,East,Resale,"₹11,974 per sqft"
,Apartment,2 BHK,Jawahar Colony Chanda Nagar Hyderabad,920 sqft,Ready to Move,1 out of 5,Unfurnished,West,New Property,"₹7,278 per sqft"
,Apartment,4 BHK,Financial District,2045 sqft,Ready to Move,23 out of 44,Unfurnished,East,Resale,"₹12,500 per sqft"
,Apartment,3 BHK,Neopolis Hyderabad,1988 sqft,Ready to Move,27 out of 39,Semi-Furnished,East,Resale,"₹12,324 per sqft"
,Apartment,3 BHK,Laxmi Cyber City,1398 sqft,Ready to Move,19 out of 19,Furnished,East,Resale,"₹15,282 per sqft"
,Apartment,4 BHK,Narsingi,2630 sqft,Ready to Move,1 out of 18,Semi-Furnished,East,Resale,"₹9,125 per sqft"
,Apartment,4 BHK,Jubilee Hills Hyderabad,5372 sqft,Ready to Move,7 out of 8,Semi-Furnished,North,Resale,"₹20,402 per sqft"
,Apartment,4 BHK,Hitech City Hyderabad,4070 sqft,Ready to Move,6 out of 35,Unfurnished,East,Resale,"₹20,147 per sqft"
,Villa,4 BHK,Kismatpur,5391 sqft,Ready to Move,,Furnished,East,Resale,"₹24,114 per sqft"
,Apartment,3 BHK,Financial District,1980 sqft,Poss. by May '27,27 out of 39,Unfurnished,East,New Property,"₹10,051 per sqft"
,Villa,4 BHK,Tellapur,3410 sqft,Ready to Move,,Unfurnished,East,New Property,"₹18,035 per sqft"
,Apartment,3 BHK,Kokapet,1660 sqft,Ready to Move,1 out of 12,Unfurnished,East,New Property,"₹9,157 per sqft"
,Apartment,2 BHK,adibtla TCS Hyderabad,900 sqft,Ready to Move,3 out of 8,Unfurnished,East,New Property,"₹3,500 per sqft"
,Apartment,2 BHK,Narsingi,1314 sqft,Ready to Move,23 out of 30,Semi-Furnished,West,Resale,"₹11,796 per sqft"
,Villa,4 BHK,Osman Nagar Hyderabad,3700 sqft,Ready to Move,,Unfurnished,West,Resale,"₹16,730 per sqft"
,Apartment,3 BHK,Hitech City Hyderabad,3430 sqft,Ready to Move,24 out of 35,Unfurnished,West,Resale,"₹21,866 per sqft"
,Apartment,3 BHK,Puppalguda Hyderabad,2500 sqft,Ready to Move,4 out of 11,Unfurnished,East,Resale,"₹9,520 per sqft"
,Apartment,3 BHK,Narsingi,1325 sqft,Ready to Move,23 out of 31,Semi-Furnished,East,Resale,"₹12,268 per sqft"
,Apartment,3 BHK,Miyapur,1610 sqft,Ready to Move,3 out of 5,Furnished,East,Resale,"₹9,006 per sqft"
,Apartment,3 BHK,AS Rao Nagar Hyderabad,1700 sqft,Ready to Move,1 out of 5,Semi-Furnished,West,Resale,"₹5,303 per sqft"
,Villa,3 BHK,Kollur,3191 sqft,Ready to Move,,Unfurnished,East,New Property,"₹13,162 per sqft"
,Apartment,2 BHK,Gajularamaram Hyderabad,1008 sqft,Ready to Move,9 out of 10,Furnished,West,Resale,"₹7,698 per sqft"
,Apartment,3 BHK,Kollur,1200 sqft,Ready to Move,6 out of 15,Unfurnished,East,Resale,"₹7,594 per sqft"
,Apartment,4 BHK,Financial District,40000 sqft,Ready to Move,2 out of 26,Semi-Furnished,East,Resale,"₹14,500 per sqft"
,Apartment,3 BHK,Kokapet,3450 sqft,Ready to Move,18 out of 44,Unfurnished,East,Resale,"₹13,623 per sqft"
,Apartment,3 BHK,Osman Nagar Hyderabad,3039 sqft,Ready to Move,11 out of 14,Furnished,East,Resale,
,Apartment,2 BHK,Pocharam,860 sqft,Ready to Move,3 out of 5,Unfurnished,East,New Property,"₹4,009 per sqft"
,Villa,4 BHK,Tellapur,3470 sqft,Ready to Move,,Unfurnished,West,Resale,"₹17,291 per sqft"
,Apartment,4 BHK,Block C Sri Ramnagar Hyderabad,4860 sqft,Ready to Move,12 out of 27,Unfurnished,West,Resale,"₹12,502 per sqft"
,Apartment,3 BHK,Mehdipatnam Hyderabad,1869 sqft,Ready to Move,9 out of 9,Unfurnished,West,New Property,"₹9,928 per sqft"
,Apartment,4 BHK,Banjara Hills,3765 sqft,Ready to Move,4 out of 5,Furnished,East,New Property,"₹21,248 per sqft"
,Villa,4 BHK,Narsingi,7000 sqft,Ready to Move,,Semi-Furnished,East,Resale,"₹29,487 per sqft"
,Apartment,3 BHK,Nalagandla Hyderabad,1740 sqft,Ready to Move,18 out of 26,Unfurnished,East,Resale,"₹12,644 per sqft"
,Apartment,3 BHK,Yapral Hyderabad,1725 sqft,Ready to Move,4 out of 9,Unfurnished,West,New Property,"₹5,999 per sqft"
,Apartment,3 BHK,Bandlaguda Nagole Hyderabad,1650 sqft,Ready to Move,3 out of 5,Furnished,West,Resale,"₹7,317 per sqft"
,Apartment,4 BHK,Kokapet,3300 sqft,Ready to Move,8 out of 15,Unfurnished,East,New Property,"₹11,400 per sqft"
,Apartment,3 BHK,Gachibowli Hyderabad,1258 sqft,Ready to Move,5 out of 33,Furnished,East,Resale,"₹14,638 per sqft"
,Apartment,2 BHK,Kukatpally,1100 sqft,Ready to Move,17 out of 30,Unfurnished,East,New Property,"₹5,500 per sqft"
,Apartment,2 BHK,Narsingi,882 sqft,Ready to Move,31 out of 39,Furnished,West,Resale,"₹12,774 per sqft"
,Apartment,3 BHK,Financial District,1595 sqft,Poss. by Jan '27,20 out of 44,Unfurnished,East,New Property,"₹11,400 per sqft"
,Apartment,4 BHK,Gachibowli Hyderabad,4860 sqft,Ready to Move,8 out of 9,Furnished,East,Resale,"₹14,198 per sqft"
,Apartment,3 BHK,Umdanagar,1648 sqft,Poss. by Oct '28,34 out of 42,Unfurnished,West,New Property,"₹9,236 per sqft"
,Villa,4 BHK,Gopanpally Hyderabad,3200 sqft,Ready to Move,,Semi-Furnished,East,Resale,"₹29,244 per sqft"
,Apartment,3 BHK,Banjara Hills,1965 sqft,Ready to Move,Ground out of 3,Semi-Furnished,East,Resale,"₹10,891 per sqft"
,Apartment,3 BHK,Kondapur Hyderabad,2785 sqft,Ready to Move,17 out of 20,Semi-Furnished,West,New Property,"₹14,327 per sqft"
,Villa,4 BHK,Hitech City Hyderabad,3415 sqft,Ready to Move,,Semi-Furnished,West,Resale,"₹24,890 per sqft"
,House,4 BHK,Mahendra Hills,6500 sqft,Ready to Move,,Furnished,North,Resale,"₹12,308 per sqft"
,Apartment,2 BHK,Narsingi,954 sqft,Ready to Move,3 out of 14,Unfurnished,West,New Property,"₹9,962 per sqft"
,Apartment,3 BHK,Tellapur,1013 sqft,Poss. by Mar '31,5 out of 52,Unfurnished,East,New Property,"₹8,500 per sqft"
,Villa,4 BHK,Sri Ram Nagar Colony Chanda Nagar Hyderabad,5400 sqft,Ready to Move,,Furnished,East,Resale,"₹7,500 per sqft"
,Apartment,3 BHK,Kondapur Hyderabad,1950 sqft,Ready to Move,24 out of 39,Unfurnished,East,New Property,"₹11,282 per sqft"
,Apartment,4 BHK,Kondapur Hyderabad,3070 sqft,Ready to Move,1 out of 20,Unfurnished,West,Resale,"₹14,202 per sqft"
,Apartment,4 BHK,Hitech City Hyderabad,2300 sqft,Ready to Move,1 out of 15,Semi-Furnished,West,Resale,"₹14,706 per sqft"
,Villa,3 BHK,Kistareddypet Hyderabad,1830 sqft,Ready to Move,,Semi-Furnished,West,Resale,"₹8,743 per sqft"
,Apartment,3 BHK,Kondapur Hyderabad,2415 sqft,Ready to Move,4 out of 15,Furnished,West,Resale,"₹12,422 per sqft"
,Apartment,3 BHK,Kondapur Hyderabad,1479 sqft,Ready to Move,16 out of 20,Unfurnished,West,New Property,"₹13,500 per sqft"
,Apartment,3 BHK,Puppalguda Hyderabad,1228 sqft,Ready to Move,2 out of 32,Unfurnished,East,Resale,"₹12,705 per sqft"
,Apartment,3 BHK,Narsingi,1515 sqft,Ready to Move,27 out of 39,Unfurnished,West,New Property,"₹12,871 per sqft"
,Apartment,3 BHK,Manikonda Jagir Hyderabad,1344 sqft,Ready to Move,3 out of 11,Semi-Furnished,East,Resale,"₹11,280 per sqft"
,Apartment,4 BHK,Kokapet,3379 sqft,Poss. by Dec '29,40 out of 63,Unfurnished,East,New Property,"₹8,699 per sqft"
,Apartment,4 BHK,Financial District,4170 sqft,Poss. by Dec '29,33 out of 60,Unfurnished,East,New Property,"₹9,000 per sqft"
,Apartment,3 BHK,Tellapur,1840 sqft,Ready to Move,12 out of 29,Semi-Furnished,East,Resale,"₹9,783 per sqft"
,Apartment,3 BHK,Gachibowli Hyderabad,2400 sqft,Ready to Move,10 out of 19,Semi-Furnished,East,Resale,"₹11,618 per sqft"
,Apartment,4 BHK,Manikonda Jagir Hyderabad,3620 sqft,Ready to Move,26 out of 32,Furnished,West,Resale,"₹11,117 per sqft"
,Apartment,3 BHK,Kondapur Hyderabad,2300 sqft,Ready to Move,3 out of 5,Semi-Furnished,North,Resale,"₹6,957 per sqft"
,Apartment,3 BHK,Kondapur Hyderabad,2625 sqft,Ready to Move,15 out of 20,Unfurnished,North,Resale,"₹14,971 per sqft"
,Apartment,3 BHK,Narsingi,1554 sqft,Poss. by Dec '26,1 out of 13,Unfurnished,West,New Property,"₹8,500 per sqft"
,Apartment,2 BHK,Peerzadiguda,869 sqft,Ready to Move,1 out of 4,Unfurnished,West,New Property,"₹4,507 per sqft"
,Apartment,3 BHK,Pocharam,1856 sqft,Ready to Move,5 out of 14,Unfurnished,West,New Property,"₹6,000 per sqft"
,Builder Floor,2 BHK,Kompally Hyderabad,1250 sqft,Ready to Move,Ground out of 5,Furnished,West,New Property,"₹6,560 per sqft"
,Apartment,4 BHK,Kompally Hyderabad,2700 sqft,Ready to Move,3 out of 10,Unfurnished,West,Resale,"₹6,786 per sqft"
,Apartment,4 BHK,Hitech City Hyderabad,4070 sqft,Ready to Move,8 out of 35,Semi-Furnished,West,Resale,"₹20,639 per sqft"
,Villa,4 BHK,Patancheruvu Hyderabad,3000 sqft,Poss. by Dec '27,,Unfurnished,East,New Property,"₹5,784 per sqft"
,Apartment,3 BHK,Kollur,1144 sqft,Poss. by Dec '27,,Unfurnished,East,New Property,"₹7,300 per sqft"
,Apartment,3 BHK,Kukatpally Housing Board Colony,1854 sqft,Ready to Move,32 out of 35,Unfurnished,East,New Property,"₹10,500 per sqft"
,Apartment,3 BHK,Masjid Banda Hyderabad,1287 sqft,Ready to Move,,Unfurnished,East,New Property,"₹9,753 per sqft"
,Apartment,3 BHK,Narsingi,1435 sqft,Ready to Move,22 out of 39,Unfurnished,West,Resale,"₹11,306 per sqft"
,Apartment,3 BHK,Gachibowli Hyderabad,1742 sqft,Ready to Move,8 out of 34,Semi-Furnished,West,Resale,"₹13,548 per sqft"
,Apartment,3 BHK,Chanda Nagar Hyderabad,1590 sqft,Ready to Move,5 out of 12,Semi-Furnished,East,Resale,"₹9,119 per sqft"
,Villa,3 BHK,Nalagandla Hyderabad,2000 sqft,Poss. by Dec '26,,Unfurnished,East,New Property,"₹5,682 per sqft"
,Apartment,2 BHK,Kondapur Hyderabad,1000 sqft,Ready to Move,5 out of 5,Semi-Furnished,East,New Property,"₹6,917 per sqft"
,Apartment,2 BHK,Miyapur,1305 sqft,Poss. by Oct '27,3 out of 14,Unfurnished,East,New Property,"₹7,624 per sqft"
,Villa,4 BHK,Gachibowli Hyderabad,5000 sqft,Ready to Move,,Furnished,North - East,Resale,"₹19,167 per sqft"
,Apartment,3 BHK,Nalagandla Hyderabad,1275 sqft,Ready to Move,9 out of 26,Unfurnished,East,Resale,"₹11,780 per sqft"
,Apartment,3 BHK,Puppalguda Hyderabad,1520 sqft,Ready to Move,24 out of 33,Unfurnished,East,Resale,"₹12,184 per sqft"
,Apartment,2 BHK,Narsingi,1285 sqft,Ready to Move,4 out of 9,Semi-Furnished,East,Resale,"₹9,883 per sqft"
,Villa,4 BHK,Kapra Hyderabad,3000 sqft,Ready to Move,,Semi-Furnished,West,New Property,"₹6,250 per sqft"
,Apartment,3 BHK,Phase 7 KPHB Hyderabad,1650 sqft,Ready to Move,4 out of 5,Semi-Furnished,North - East,Resale,"₹8,788 per sqft"
,Apartment,4 BHK,Kokapet,2800 sqft,Ready to Move,24 out of 44,Unfurnished,East,Resale,"₹14,492 per sqft"
,Apartment,4 BHK,Kokapet,5800 sqft,Ready to Move,10 out of 28,Unfurnished,East,Resale,"₹12,790 per sqft"
,Apartment,2 BHK,Sri Ram Nagar Kondapur Hyderabad,850 sqft,Ready to Move,1 out of 4,Semi-Furnished,West,Resale,"₹7,217 per sqft"
,Apartment,2 BHK,Bachupally Hyderabad,1110 sqft,Poss. by Dec '26,15 out of 33,Unfurnished,East,New Property,"₹8,300 per sqft"
,Apartment,3 BHK,Kokapet,2180 sqft,Ready to Move,3 out of 39,Furnished,,Resale,"₹11,927 per sqft"
,Villa,4 BHK,Tellapur,4200 sqft,Ready to Move,,Furnished,West,Resale,"₹24,762 per sqft"
,Apartment,3 BHK,Kokapet,2234 sqft,Ready to Move,20 out of 32,Semi-Furnished,East,Resale,"₹12,975 per sqft"
,Apartment,3 BHK,Tellapur,1335 sqft,Ready to Move,25 out of 39,Unfurnished,East,Resale,"₹11,052 per sqft"
,Apartment,3 BHK,Osman Sagar Road Hyderabad,2625 sqft,Ready to Move,3 out of 9,Semi-Furnished,East,Resale,"₹11,810 per sqft"
,Apartment,3 BHK,Uppal,1945 sqft,Ready to Move,10 out of 15,Furnished,East,New Property,"₹8,745 per sqft"
,Apartment,3 BHK,Appa Junction Area Hyderabad,1400 sqft,Ready to Move,16 out of 19,Semi-Furnished,West,Resale,"₹10,000 per sqft"
,Apartment,3 BHK,Gachibowli Hyderabad,1915 sqft,Ready to Move,11 out of 19,Semi-Furnished,East,Resale,"₹11,000 per sqft"
,Apartment,4 BHK,Hitech City Hyderabad,4070 sqft,Ready to Move,15 out of 35,Semi-Furnished,East,Resale,"₹22,113 per sqft"
,Apartment,3 BHK,Chanda Nagar Hyderabad,1825 sqft,Ready to Move,1 out of 14,Semi-Furnished,East,Resale,"₹9,863 per sqft"
,Apartment,3 BHK,Puppalguda Hyderabad,1982 sqft,Ready to Move,17 out of 44,Unfurnished,West,Resale,"₹13,118 per sqft"
,Apartment,3 BHK,Kakatiya Hills Kavuri Hills Hyderabad,1650 sqft,Ready to Move,3 out of 5,Furnished,North,New Property,"₹9,000 per sqft"
,Apartment,4 BHK,Puppalguda Hyderabad,4999 sqft,Poss. by Dec '26,35 out of 43,Semi-Furnished,East,Resale,"₹11,982 per sqft"
,Apartment,2 BHK,Kollur,1330 sqft,Ready to Move,5 out of 15,Unfurnished,,Resale,"₹7,293 per sqft"
,Apartment,3 BHK,Tellapur,1200 sqft,Poss. by Dec '29,10 out of 17,Unfurnished,North - East,New Property,"₹6,471 per sqft"
,Apartment,3 BHK,Osman Nagar Hyderabad,1792 sqft,Ready to Move,1 out of 10,Unfurnished,East,Resale,"₹9,766 per sqft"
,Apartment,4 BHK,Madhapur Hyderabad,2700 sqft,Ready to Move,6 out of 14,Furnished,East,Resale,"₹14,451 per sqft"
,Apartment,3 BHK,Gandi Maisamma,1750 sqft,Ready to Move,14 out of 14,Unfurnished,West,Resale,"₹6,857 per sqft"
,Apartment,3 BHK,Rajendranagar Mandal Hyderabad,1750 sqft,Poss. by Dec '27,13 out of 45,Unfurnished,,Resale,"₹10,143 per sqft"
,Villa,5 BHK,Jubilee Hills Hyderabad,5500 sqft,Ready to Move,,Semi-Furnished,North,New Property,"₹27,809 per sqft"
,Apartment,3 BHK,Tellapur,1720 sqft,Poss. by Sep '27,14 out of 40,Unfurnished,,Resale,"₹9,884 per sqft"
,Villa,4 BHK,Nalagandla Hyderabad,2724 sqft,Poss. by Dec '28,,Unfurnished,East,New Property,"₹5,900 per sqft"
,Apartment,2 BHK,Dammaiguda Hyderabad,1176 sqft,Ready to Move,3 out of 5,Unfurnished,North,New Property,"₹4,252 per sqft"
,Apartment,3 BHK,Moosapet,1640 sqft,Poss. by Mar '28,9 out of 30,Unfurnished,North - East,New Property,"₹5,699 per sqft"
,Apartment,3 BHK,Amberpet Hyderabad,1200 sqft,Ready to Move,1 out of 5,Furnished,East,Resale,"₹5,846 per sqft"
,Apartment,3 BHK,Kollur,1125 sqft,Ready to Move,5 out of 10,Semi-Furnished,East,New Property,"₹5,599 per sqft"
,Apartment,3 BHK,Puppalguda Hyderabad,1400 sqft,Ready to Move,4 out of 5,Unfurnished,West,New Property,"₹7,014 per sqft"
,Apartment,3 BHK,Moosapet,1480 sqft,Poss. by Jan '27,17 out of 27,Unfurnished,East,New Property,"₹10,473 per sqft"
,Villa,5 BHK,Kompally Hyderabad,4600 sqft,Ready to Move,,Unfurnished,East,Resale,"₹11,957 per sqft"
,Apartment,2 BHK,Narsingi,1314 sqft,Ready to Move,12 out of 30,Semi-Furnished,West,Resale,"₹12,177 per sqft"
,Apartment,3 BHK,Kokapet,2257 sqft,Poss. by Sep '26,27 out of 35,Unfurnished,East,Resale,"₹13,292 per sqft"
,Apartment,3 BHK,Miyapur,1008 sqft,,10 out of 15,Unfurnished,East,New Property,"₹5,500 per sqft"
,Apartment,3 BHK,Puppalguda Hyderabad,1228 sqft,Ready to Move,22 out of 39,Unfurnished,West,Resale,"₹11,100 per sqft"
,Apartment,3 BHK,Kondapur Hyderabad,1880 sqft,Ready to Move,14 out of 20,Unfurnished,West,New Property,"₹16,489 per sqft"
,Villa,4 BHK,Kondapur Hyderabad,4500 sqft,Ready to Move,,Furnished,East,Resale,"₹27,885 per sqft"
,Villa,3 BHK,Tellapur,3600 sqft,Ready to Move,,Unfurnished,West,New Property,"₹12,639 per sqft"
,Apartment,2 BHK,Miyapur,861 sqft,Ready to Move,6 out of 14,Unfurnished,North,Resale,"₹6,736 per sqft"
,House,4 BHK,Narsingi,8000 sqft,Ready to Move,,Unfurnished,East,New Property,"₹11,700 per sqft"
,Apartment,3 BHK,Kondapur Hyderabad,1500 sqft,Ready to Move,6 out of 17,Unfurnished,East,New Property,"₹9,195 per sqft"
,Apartment,2 BHK,Kondapur Hyderabad,1290 sqft,Ready to Move,22 out of 24,Unfurnished,East,Resale,"₹12,016 per sqft"
,Apartment,3 BHK,Hitech City Hyderabad,2795 sqft,Ready to Move,15 out of 19,Furnished,East,Resale,"₹11,270 per sqft"
,Villa,4 BHK,Muchintal Hyderabad,9000 sqft,Poss. by Sep '26,,Semi-Furnished,East,New Property,"₹10,800 per sqft"
,Apartment,2 BHK,Narsingi,1370 sqft,Ready to Move,24 out of 39,Semi-Furnished,East,Resale,"₹11,971 per sqft"
,Villa,2 BHK,Shankarpally Road Hyderabad,1000 sqft,Poss. by Sep '26,,Unfurnished,East,New Property,"₹11,818 per sqft"
,Apartment,3 BHK,Kokapet,2124 sqft,Ready to Move,28 out of 35,Unfurnished,West,New Property,"₹13,418 per sqft"
,Apartment,2 BHK,Ashok Nagar Himayatnagar Hyderabad,1100 sqft,Ready to Move,2 out of 5,Semi-Furnished,South - East,Resale,"₹6,364 per sqft"
,Villa,3 BHK,Mokila Hyderabad,2550 sqft,Ready to Move,,Unfurnished,East,Resale,"₹12,745 per sqft"
,Apartment,3 BHK,Umdanagar,2136 sqft,Poss. by Dec '27,21 out of 42,Unfurnished,East,Resale,"₹9,597 per sqft"
,Apartment,3 BHK,Banjara Hills,2500 sqft,Ready to Move,1 out of 4,Furnished,East,Resale,"₹16,000 per sqft"
,Apartment,2 BHK,Annojiguda,762 sqft,,5 out of 9,Unfurnished,North - East,New Property,"₹5,425 per sqft"
,Apartment,4 BHK,Kokapet,6333 sqft,,26 out of 29,Unfurnished,West,Resale,"₹13,500 per sqft"
,Villa,4 BHK,Hitech City Hyderabad,3000 sqft,Ready to Move,,Unfurnished,East,New Property,"₹28,333 per sqft"
,Apartment,2 BHK,Narsingi,1370 sqft,Ready to Move,8 out of 40,Semi-Furnished,West,New Property,"₹12,409 per sqft"
,House,4 BHK,Mallampet,,Ready to Move,,,West,,
,Villa,6 BHK,Jonnabanda Hyderabad,4053 sqft,Ready to Move,,Furnished,South,Resale,"₹6,168 per sqft"
,Apartment,3 BHK,Serilingampalle M Hyderabad,1969 sqft,Ready to Move,10 out of 36,Furnished,,Resale,
,House,4 BHK,Miyapur,3500 sqft,Ready to Move,,Unfurnished,,Resale,"₹6,857 per sqft"
,Apartment,2 BHK,Medipally Hyderabad,1090 sqft,Ready to Move,3 out of 4,Furnished,North,Resale,"₹4,545 per sqft"
,House,3 BHK,Jupiter Colony Karkhana Hyderabad,1250 sqft,Ready to Move,,Unfurnished,East,Resale,"₹26,923 per sqft"
,Apartment,3 BHK,Kondapur Hyderabad,1939 sqft,Ready to Move,5 out of 5,Unfurnished,East,Resale,"₹9,386 per sqft"
,House,10 BHK,Om Nagar Maruthi Nagar Hyderabad,7500 sqft,Ready to Move,,Semi-Furnished,East,Resale,"₹12,750 per sqft"
,House,2 BHK,Moula Ali Hyderabad,600 sqft,Ready to Move,,Unfurnished,South -West,Resale,"₹6,963 per sqft"
,Apartment,2 BHK,Kollur,1180 sqft,Ready to Move,2 out of 2,Unfurnished,North,Resale,"₹5,986 per sqft"
,Villa,2 BHK,Beeramguda Ramachandrapuram Hyderabad,1285 sqft,Ready to Move,,Unfurnished,East,Resale,"₹12,333 per sqft"
,Apartment,3 BHK,Nacharam Hyderabad,2000 sqft,Ready to Move,5 out of 5,Semi-Furnished,East,Resale,"₹6,210 per sqft"
,Apartment,3 BHK,Vanasthalipuram,1510 sqft,Ready to Move,1 out of 5,Unfurnished,North,Resale,"₹5,625 per sqft"
,Apartment,3 BHK,Malkajgiri Hyderabad,1750 sqft,Ready to Move,2 out of 5,Furnished,North - East,Resale,"₹7,543 per sqft"
,House,4 BHK,Paramount Hills Hyderabad,3000 sqft,Ready to Move,,Semi-Furnished,North,Resale,"₹11,298 per sqft"
,Apartment,3 BHK,Miyapur,1222 sqft,Ready to Move,6 out of 10,Semi-Furnished,West,Resale,"₹8,054 per sqft"
,Apartment,2 BHK,Praga Tools Colony,1000 sqft,Ready to Move,1 out of 5,Furnished,North - East,Resale,"₹5,182 per sqft"
,Builder Floor,3 BHK,APGOs Coop HSG Society,3215 sqft,Ready to Move,1 out of 5,Semi-Furnished,East,Resale,"₹10,109 per sqft"
,Apartment,3 BHK,Kukatpally,1213 sqft,Ready to Move,21 out of 33,Unfurnished,North,Resale,"₹8,571 per sqft"
,Apartment,3 BHK,Serilingampalle M Hyderabad,1220 sqft,Ready to Move,22 out of 50,Unfurnished,West,New Property,"₹9,870 per sqft"
,Apartment,3 BHK,Bachupally Hyderabad,1860 sqft,Poss. by Mar '27,7 out of 18,Unfurnished,East,Resale,
,Apartment,3 BHK,Hitech City Hyderabad,2465 sqft,Ready to Move,39 out of 39,Semi-Furnished,West,Resale,"₹21,712 per sqft"
,Apartment,3 BHK,Hitech City Hyderabad,1058 sqft,Ready to Move,Ground out of 20,Furnished,East,Resale,"₹10,759 per sqft"
,Apartment,3 BHK,Bairagiguda Hyderabad,1580 sqft,Ready to Move,3 out of 5,Semi-Furnished,West,New Property,"₹7,342 per sqft"
,Apartment,2 BHK,Appa Junction Area Hyderabad,1300 sqft,Ready to Move,14 out of 20,Semi-Furnished,West,Resale,"₹9,643 per sqft"
,Apartment,3 BHK,HUDA Layout Nalagandla Hyderabad,2000 sqft,Ready to Move,4 out of 19,Semi-Furnished,West,Resale,"₹11,190 per sqft"
,Apartment,3 BHK,Abhudaya Nagar Colony,1193 sqft,Ready to Move,4 out of 5,Semi-Furnished,East,Resale,"₹4,923 per sqft"
,Apartment,2 BHK,Nalagandla Hyderabad,1270 sqft,Ready to Move,8 out of 10,Semi-Furnished,East,Resale,"₹8,425 per sqft"
,Builder Floor,2 BHK,Nagaram Hyderabad,1000 sqft,Ready to Move,Ground out of 3,Semi-Furnished,North - East,Resale,"₹3,889 per sqft"
,Apartment,3 BHK,Narsingi,1508 sqft,Ready to Move,9 out of 40,Unfurnished,West,Resale,"₹11,000 per sqft"
,House,2 BHK,Nadergul Road Hyderabad,1050 sqft,Ready to Move,,Unfurnished,North,Resale,"₹5,763 per sqft"
,Apartment,2 BHK,Kokapet,1000 sqft,Ready to Move,1 out of 10,Unfurnished,East,New Property,"₹8,756 per sqft"
,Builder Floor,2 BHK,Madhapur Hyderabad,1000 sqft,Ready to Move,3 out of 5,Furnished,North - East,Resale,"₹7,959 per sqft"
,Apartment,3 BHK,Whitefields Hyderabad,1775 sqft,Ready to Move,5 out of 5,Furnished,West,Resale,"₹7,614 per sqft"
,Villa,4 BHK,Brundavan Colony Bolarum Hyderabad,2200 sqft,Ready to Move,,Unfurnished,West,New Property,"₹9,726 per sqft"
,Apartment,4 BHK,Gachibowli Hyderabad,4490 sqft,Ready to Move,9 out of 22,Furnished,North,Resale,"₹17,817 per sqft"
,Villa,3 BHK,Mallampet Road Hyderabad,1550 sqft,Ready to Move,,Unfurnished,West,New Property,"₹12,121 per sqft"
,House,5 BHK,Attapur Hyderabad,4600 sqft,Ready to Move,Ground out of 3,Semi-Furnished,West,Resale,"₹7,585 per sqft"
,Apartment,4 BHK,Malaysian Township,2600 sqft,Ready to Move,8 out of 11,Furnished,North,Resale,"₹12,727 per sqft"
,Villa,3 BHK,Tellapur,2101 sqft,Ready to Move,,Unfurnished,,Resale,"₹13,089 per sqft"
,Villa,4 BHK,Gandipet Hyderabad,,Ready to Move,,Semi-Furnished,West,Resale,"₹30,286 per sqft"
,Apartment,2 BHK,Manikonda Jagir Hyderabad,1100 sqft,Ready to Move,2 out of 5,Furnished,West,Resale,"₹7,040 per sqft"
,Apartment,3 BHK,Moti Nagar Erragadda Hyderabad,1135 sqft,Ready to Move,5 out of 5,Semi-Furnished,West,Resale,"₹8,634 per sqft"
,Apartment,2 BHK,Nagaram Hyderabad,800 sqft,Ready to Move,4 out of 5,Unfurnished,West,Resale,"₹3,855 per sqft"
,House,6 BHK,New Mirjalguda,2600 sqft,Ready to Move,,Semi-Furnished,East,Resale,"₹13,333 per sqft"
,Apartment,2 BHK,Sangeet Nagar Kukatpally Hyderabad,1149 sqft,Ready to Move,5 out of 16,Furnished,North,Resale,"₹8,250 per sqft"
,Apartment,3 BHK,Rock Town Colony Hyderabad,1850 sqft,Ready to Move,3 out of 5,Unfurnished,East,Resale,"₹5,000 per sqft"
,Apartment,2 BHK,Patancheruvu Hyderabad,685 sqft,Ready to Move,2 out of 5,Semi-Furnished,East,Resale,"₹5,385 per sqft"
,Apartment,2 BHK,Suraram Hyderabad,756 sqft,Ready to Move,2 out of 5,Furnished,East,Resale,"₹5,926 per sqft"
,Apartment,2 BHK,Bolarum,700 sqft,Ready to Move,2 out of 2,Furnished,North - East,Resale,"₹4,267 per sqft"
,Apartment,3 BHK,Ameerpet,1730 sqft,Ready to Move,6 out of 7,Semi-Furnished,North - East,Resale,"₹8,785 per sqft"
,Villa,3 BHK,Beeramguda Ramachandrapuram Hyderabad,1400 sqft,Ready to Move,,Furnished,East,Resale,"₹11,611 per sqft"
,Villa,6 BHK,Manikonda Jagir Hyderabad,5000 sqft,Ready to Move,,Furnished,East,New Property,"₹9,300 per sqft"
,Villa,3 BHK,Nizampet Hyderabad,2457 sqft,Ready to Move,,Semi-Furnished,North - East,Resale,"₹8,954 per sqft"
,Apartment,3 BHK,Gajularamaram Hyderabad,1565 sqft,Ready to Move,4 out of 5,Furnished,West,Resale,"₹5,367 per sqft"
,Apartment,3 BHK,Nanakaramguda Hyderabad,1500 sqft,Ready to Move,8 out of 9,Semi-Furnished,West,Resale,"₹13,793 per sqft"
,Apartment,3 BHK,Kokapet,2100 sqft,Ready to Move,6 out of 12,Semi-Furnished,West,Resale,"₹10,755 per sqft"
,Apartment,3 BHK,Miyapur,2325 sqft,Ready to Move,6 out of 17,Unfurnished,West,Resale,"₹8,817 per sqft"
,Apartment,2 BHK,Miyapur,840 sqft,Ready to Move,14 out of 14,Unfurnished,East,New Property,"₹6,655 per sqft"
,Apartment,2 BHK,Nizampet Miyapur Road Hyderabad,1101 sqft,Ready to Move,12 out of 14,Unfurnished,East,New Property,"₹7,002 per sqft"
,Apartment,2 BHK,Bachupally Hyderabad,1112 sqft,Ready to Move,3 out of 8,Semi-Furnished,East,Resale,"₹8,250 per sqft"
,Apartment,3 BHK,Habsiguda,1200 sqft,Ready to Move,4 out of 5,Semi-Furnished,East,New Property,"₹10,318 per sqft"
,Apartment,3 BHK,Miyapur,1500 sqft,Ready to Move,7 out of 19,Semi-Furnished,East,Resale,"₹9,449 per sqft"
,Apartment,3 BHK,Tellapur,2240 sqft,Ready to Move,4 out of 10,Furnished,West,Resale,"₹8,929 per sqft"
,Apartment,2 BHK,Narsingi,1300 sqft,Ready to Move,5 out of 40,Unfurnished,West,Resale,"₹10,949 per sqft"
,Villa,4 BHK,Kollur,,Ready to Move,,Unfurnished,West,Resale,"₹23,232 per sqft"
,House,4 BHK,Green Homes Colony Hyderabad,1890 sqft,Ready to Move,,Unfurnished,East,Resale,"₹5,100 per sqft"
,Villa,5 BHK,Tellapur,3300 sqft,Ready to Move,,Unfurnished,West,Resale,"₹12,239 per sqft"
,Apartment,3 BHK,Bachupally Hyderabad,1423 sqft,Ready to Move,3 out of 10,Unfurnished,East,Resale,"₹7,099 per sqft"
,Apartment,2 BHK,Begumpet Hyderabad,1030 sqft,Ready to Move,3 out of 4,Semi-Furnished,West,Resale,"₹4,825 per sqft"
,Apartment,3 BHK,Petbasheerabad Hyderabad,1700 sqft,Ready to Move,2 out of 6,Furnished,West,Resale,"₹7,427 per sqft"
,Apartment,3 BHK,Nizampet Hyderabad,1523 sqft,Ready to Move,10 out of 13,Unfurnished,South,Resale,"₹7,636 per sqft"
,House,5 BHK,Kapra Hyderabad,4250 sqft,Ready to Move,,Semi-Furnished,West,Resale,"₹6,047 per sqft"
,Apartment,3 BHK,Kondapur Hyderabad,2379 sqft,Ready to Move,5 out of 7,Unfurnished,East,Resale,"₹7,776 per sqft"
,Apartment,3 BHK,Nalagandla Hyderabad,1695 sqft,Ready to Move,Ground out of 14,Semi-Furnished,East,Resale,"₹10,619 per sqft"
,Apartment,3 BHK,Hitech City Hyderabad,2000 sqft,Ready to Move,13 out of 14,Semi-Furnished,North - East,Resale,"₹12,087 per sqft"
,House,4 BHK,Prashanti Nagar New Nallakunta Hyderabad,1800 sqft,Ready to Move,,Unfurnished,West,Resale,"₹15,220 per sqft"
,Villa,4 BHK,Ghatkesar,2450 sqft,Ready to Move,,Unfurnished,East,Resale,"₹6,429 per sqft"
,Villa,3 BHK,Haven Colony Hyderabad,2500 sqft,Ready to Move,,Semi-Furnished,East,Resale,"₹6,040 per sqft"
,Apartment,3 BHK,Sainikpuri Hyderabad,1800 sqft,Ready to Move,4 out of 4,Semi-Furnished,North,New Property,"₹5,176 per sqft"
,Apartment,3 BHK,Kondapur Hyderabad,1650 sqft,Ready to Move,9 out of 9,Semi-Furnished,North,Resale,"₹7,388 per sqft"
,Apartment,3 BHK,Hyderguda Attapur Hyderabad,1100 sqft,Ready to Move,4 out of 5,Unfurnished,North,Resale,"₹6,328 per sqft"
,Apartment,3 BHK,Narsingi,1734 sqft,Ready to Move,30 out of 30,Unfurnished,West,Resale,"₹12,814 per sqft"
,Apartment,3 BHK,Nallagandla Tellapur Road Hyderabad,1700 sqft,Ready to Move,Lower Basement out of 4,Unfurnished,South - East,Resale,
,Apartment,3 BHK,Pragathi Nagar,1640 sqft,Ready to Move,Ground out of 4,Semi-Furnished,North - East,Resale,"₹6,098 per sqft"
,Apartment,3 BHK,Quthbullapur,1424 sqft,Ready to Move,2 out of 2,Semi-Furnished,East,Resale,"₹5,618 per sqft"
,Apartment,3 BHK,Rajendranagar Mandal Hyderabad,1100 sqft,Ready to Move,4 out of 5,Semi-Furnished,East,Resale,"₹5,217 per sqft"
,Apartment,3 BHK,Bachupally Hyderabad,1353 sqft,Ready to Move,30 out of 33,Unfurnished,East,Resale,"₹8,869 per sqft"
,Apartment,2 BHK,Suchitra Road Hyderabad,1150 sqft,Ready to Move,3 out of 5,Furnished,North - East,Resale,"₹6,695 per sqft"
,Villa,4 BHK,Khajaguda Hyderabad,3200 sqft,Ready to Move,,Semi-Furnished,North - East,Resale,"₹18,085 per sqft"
,Apartment,2 BHK,Madeenaguda Hyderabad,1100 sqft,Ready to Move,2 out of 7,Semi-Furnished,East,Resale,
,Villa,4 BHK,Kollur,3580 sqft,Ready to Move,,Unfurnished,North - West,New Property,"₹14,000 per sqft"
,House,3 BHK,Mallapur Balapur Hyderabad,1188 sqft,Ready to Move,,Unfurnished,West,New Property,"₹8,730 per sqft"
,Apartment,2 BHK,Miyapur,1100 sqft,Ready to Move,4 out of 10,Unfurnished,West,Resale,"₹7,826 per sqft"
,Apartment,4 BHK,Kollur,1625 sqft,Poss. by Mar '27,8 out of 15,Unfurnished,East,New Property,"₹6,049 per sqft"
,Apartment,2 BHK,Mallampet,950 sqft,Ready to Move,4 out of 5,Furnished,East,Resale,"₹5,455 per sqft"
,Apartment,3 BHK,Bachupally Hyderabad,1353 sqft,Ready to Move,6 out of 33,Unfurnished,East,Resale,"₹7,857 per sqft"
,Apartment,2 BHK,Kuntloor Hyderabad,808 sqft,Ready to Move,3 out of 5,Unfurnished,West,Resale,"₹4,340 per sqft"
,Apartment,2 BHK,Kondapur Hyderabad,1121 sqft,Ready to Move,8 out of 10,Furnished,North,Resale,"₹12,461 per sqft"
,Apartment,3 BHK,Friends Colony Chanda Nagar Hyderabad,1640 sqft,Ready to Move,4 out of 5,Furnished,East,Resale,"₹7,353 per sqft"
,House,2 BHK,Saket,2900 sqft,Ready to Move,,Semi-Furnished,East,Resale,"₹5,500 per sqft"
,Villa,4 BHK,Chilkur Balaji Temple Road,2600 sqft,Ready to Move,,Furnished,East,Resale,"₹16,154 per sqft"
,Apartment,2 BHK,SR Naik Nagar,1000 sqft,Ready to Move,1 out of 4,Semi-Furnished,East,Resale,"₹6,818 per sqft"
,Apartment,3 BHK,Narsingi,1400 sqft,Ready to Move,17 out of 18,Furnished,North - East,Resale,"₹13,485 per sqft"
,Apartment,2 BHK,Miyapur,861 sqft,Ready to Move,11 out of 14,Unfurnished,North,Resale,
,Apartment,2 BHK,Gachibowli Hyderabad,1150 sqft,,19 out of 22,Unfurnished,,Resale,"₹10,817 per sqft"
,Apartment,3 BHK,Tellapur,1800 sqft,Ready to Move,18 out of 35,Unfurnished,East,Resale,"₹11,682 per sqft"
,Apartment,2 BHK,Dammaiguda Hyderabad,1050 sqft,Ready to Move,2 out of 4,Furnished,West,Resale,"₹3,620 per sqft"
,Villa,4 BHK,Narsingi,3135 sqft,Ready to Move,,Furnished,East,Resale,"₹27,113 per sqft"
,Apartment,2 BHK,Kondapur Hyderabad,1201 sqft,Ready to Move,7 out of 31,Unfurnished,West,Resale,"₹10,368 per sqft"
,Apartment,3 BHK,Gajularamaram Hyderabad,1350 sqft,Ready to Move,2 out of 9,Semi-Furnished,East,Resale,"₹4,915 per sqft"
,Apartment,2 BHK,Bahadurpally Hyderabad,1100 sqft,Ready to Move,3 out of 6,Semi-Furnished,North,Resale,"₹6,852 per sqft"
,Apartment,3 BHK,Nizampet Road Hyderabad,1114 sqft,Ready to Move,4 out of 5,Semi-Furnished,East,Resale,"₹6,667 per sqft"
,Apartment,3 BHK,Bachupally Hyderabad,1353 sqft,Ready to Move,28 out of 33,Unfurnished,West,Resale,"₹7,857 per sqft"
,Apartment,3 BHK,Nacharam Hyderabad,1300 sqft,Ready to Move,2 out of 12,Semi-Furnished,East,Resale,"₹8,462 per sqft"
,Apartment,2 BHK,Kondapur Hyderabad,840 sqft,Ready to Move,2 out of 6,Semi-Furnished,West,Resale,"₹6,190 per sqft"
,Apartment,3 BHK,Kondapur Hyderabad,1890 sqft,Ready to Move,18 out of 19,Furnished,West,Resale,"₹10,184 per sqft"
,Apartment,3 BHK,Kompally Hyderabad,1400 sqft,Ready to Move,4 out of 5,Unfurnished,East,Resale,"₹5,842 per sqft"
,Apartment,3 BHK,Financial District,1242 sqft,Ready to Move,Ground out of 40,Unfurnished,West,New Property,"₹10,505 per sqft"
,Apartment,3 BHK,Kondapur Hyderabad,1800 sqft,Ready to Move,17 out of 18,Unfurnished,West,Resale,"₹10,938 per sqft"
,Villa,3 BHK,Beeramguda Ramachandrapuram Hyderabad,1600 sqft,Ready to Move,,Furnished,West,Resale,"₹9,509 per sqft"
,Apartment,3 BHK,Gachibowli Hyderabad,1406 sqft,Ready to Move,21 out of 29,Unfurnished,West,Resale,"₹11,685 per sqft"
,Apartment,2 BHK,Bachupally Hyderabad,1060 sqft,Ready to Move,5 out of 5,Semi-Furnished,West,Resale,"₹6,132 per sqft"
,Apartment,2 BHK,100 Feet Road Hyderabad,1265 sqft,Ready to Move,4 out of 4,Furnished,North - East,Resale,"₹8,077 per sqft"
,Apartment,2 BHK,Nalagandla Hyderabad,1250 sqft,Ready to Move,3 out of 26,Unfurnished,West,Resale,"₹10,916 per sqft"
,Villa,4 BHK,Manikonda Jagir Hyderabad,5000 sqft,Ready to Move,,Furnished,West,Resale,"₹11,000 per sqft"
,Apartment,2 BHK,Friends Colony Chanda Nagar Hyderabad,1070 sqft,Ready to Move,5 out of 5,Furnished,East,Resale,"₹7,009 per sqft"
,Apartment,2 BHK,Kollur,1230 sqft,Ready to Move,15 out of 101,Semi-Furnished,East,Resale,
,House,2 BHK,Jupiter Colony Karkhana Hyderabad,1150 sqft,Ready to Move,,Semi-Furnished,West,Resale,"₹34,615 per sqft"
,Apartment,3 BHK,R K Puram,1600 sqft,Ready to Move,4 out of 5,Unfurnished,East,Resale,"₹6,748 per sqft"
,Apartment,3 BHK,Kondapur Hyderabad,2700 sqft,Ready to Move,4 out of 18,Semi-Furnished,East,Resale,"₹14,400 per sqft"
,Apartment,3 BHK,Kondapur Hyderabad,1400 sqft,Ready to Move,1 out of 6,Semi-Furnished,East,Resale,"₹8,688 per sqft"
,House,3 BHK,Kapra Hyderabad,1650 sqft,Ready to Move,,Semi-Furnished,West,Resale,"₹10,294 per sqft"
,Apartment,2 BHK,Tellapur,900 sqft,Ready to Move,9 out of 9,Furnished,East,Resale,"₹9,758 per sqft"
,Apartment,2 BHK,Puppalguda Hyderabad,1250 sqft,Ready to Move,3 out of 5,Furnished,West,Resale,"₹9,477 per sqft"
,Apartment,2 BHK,Adibatla Hyderabad,1150 sqft,Ready to Move,3 out of 5,Semi-Furnished,East,Resale,
,Apartment,2 BHK,Gachibowli Hyderabad,900 sqft,Ready to Move,4 out of 24,Semi-Furnished,East,Resale,"₹12,953 per sqft"
,Apartment,3 BHK,Financial District,2000 sqft,Ready to Move,35 out of 39,Unfurnished,West,Resale,"₹11,036 per sqft"
,Apartment,2 BHK,Miyapur,861 sqft,Ready to Move,9 out of 14,Furnished,,Resale,"₹8,130 per sqft"
,Apartment,2 BHK,Dammaiguda Hyderabad,1000 sqft,Ready to Move,1 out of 3,Semi-Furnished,North,Resale,"₹4,729 per sqft"
,Apartment,2 BHK,Ameenpur Hyderabad,1008 sqft,Ready to Move,3 out of 5,Unfurnished,East,Resale,"₹5,820 per sqft"
,Apartment,2 BHK,Renuka Yellamma Colony Hyderabad,850 sqft,Ready to Move,1 out of 5,Furnished,East,Resale,"₹6,397 per sqft"
,Villa,5 BHK,Neopolis Hyderabad,3500 sqft,Ready to Move,,Furnished,East,Resale,"₹43,750 per sqft"
,Apartment,2 BHK,Vinay Nagar,930 sqft,Ready to Move,2 out of 5,Unfurnished,West,New Property,"₹6,637 per sqft"
,Apartment,3 BHK,Serilingampalle M Hyderabad,1605 sqft,Ready to Move,25 out of 50,Unfurnished,West,Resale,"₹9,346 per sqft"
,Apartment,3 BHK,West Marredpally Hyderabad,1310 sqft,Ready to Move,4 out of 4,Furnished,North - East,Resale,"₹7,037 per sqft"
,Villa,4 BHK,BDL Colony Balapur Hyderabad,2700 sqft,Ready to Move,,Furnished,East,Resale,"₹6,071 per sqft"
,Apartment,2 BHK,Madeenaguda Hyderabad,1245 sqft,Ready to Move,5 out of 5,Furnished,East,Resale,"₹6,154 per sqft"
,Apartment,4 BHK,Gachibowli Hyderabad,2600 sqft,Ready to Move,24 out of 34,Semi-Furnished,East,Resale,"₹13,269 per sqft"
,Apartment,4 BHK,Banjara Hills,3000 sqft,Ready to Move,5 out of 5,Semi-Furnished,North - East,Resale,"₹11,000 per sqft"
,Apartment,2 BHK,Begumpet Hyderabad,1100 sqft,Ready to Move,5 out of 5,Semi-Furnished,North,Resale,"₹11,382 per sqft"
,Apartment,3 BHK,Attapur Hyderabad,1500 sqft,Ready to Move,1 out of 4,Semi-Furnished,West,Resale,"₹5,329 per sqft"
,Apartment,3 BHK,Nanakaramguda Hyderabad,1900 sqft,Ready to Move,20 out of 44,Unfurnished,West,Resale,"₹12,985 per sqft"
,Apartment,2 BHK,Nalagandla Hyderabad,1380 sqft,Ready to Move,4 out of 14,Semi-Furnished,East,Resale,"₹9,000 per sqft"
,Apartment,3 BHK,Financial District,2220 sqft,Ready to Move,20 out of 39,Unfurnished,West,Resale,"₹11,667 per sqft"
,Apartment,3 BHK,Gachibowli Hyderabad,1650 sqft,Ready to Move,5 out of 6,Furnished,East,Resale,"₹35,000 per sqft"
,Villa,3 BHK,Gopanpalle Hyderabad,3520 sqft,Ready to Move,,Semi-Furnished,West,Resale,"₹21,053 per sqft"
,Apartment,3 BHK,Kukatpally Housing Board Road Hyderabad,2259 sqft,Ready to Move,2 out of 35,Furnished,West,Resale,"₹11,952 per sqft"
,Apartment,2 BHK,Mallapur Hyderabad,1000 sqft,Ready to Move,3 out of 5,Semi-Furnished,East,Resale,
,Villa,4 BHK,Kakatiya Hills Kavuri Hills Hyderabad,3800 sqft,Ready to Move,,Semi-Furnished,East,Resale,"₹21,224 per sqft"
,Apartment,3 BHK,Bandari Layout Hyderabad,1550 sqft,Ready to Move,3 out of 4,Semi-Furnished,West,Resale,"₹4,194 per sqft"
,Apartment,4 BHK,Narayanguda Hyderabad,2127 sqft,Ready to Move,1 out of 5,Furnished,North - East,Resale,
,Villa,3 BHK,Mallampet,2500 sqft,Ready to Move,,Furnished,West,Resale,"₹5,926 per sqft"
,Apartment,3 BHK,Kukatpally Housing Board Colony,1899 sqft,Ready to Move,4 out of 34,Semi-Furnished,West,Resale,"₹11,585 per sqft"
,Builder Floor,3 BHK,Dammaiguda Hyderabad,2400 sqft,Ready to Move,5 out of 5,Furnished,East,Resale,"₹7,407 per sqft"
,Apartment,3 BHK,Osman Nagar Hyderabad,1500 sqft,Ready to Move,4 out of 10,Unfurnished,West,Resale,"₹9,470 per sqft"
,Apartment,3 BHK,Nalagandla Hyderabad,1620 sqft,Ready to Move,5 out of 5,Semi-Furnished,East,Resale,"₹7,990 per sqft"
,Builder Floor,3 BHK,Manikonda Jagir Hyderabad,1800 sqft,Ready to Move,1 out of 6,Semi-Furnished,North,Resale,"₹7,895 per sqft"
,Apartment,2 BHK,Kukatpally,1116 sqft,Ready to Move,3 out of 5,Furnished,West,Resale,"₹6,911 per sqft"
,Apartment,3 BHK,Gachibowli Hyderabad,1800 sqft,Ready to Move,1 out of 5,Furnished,East,Resale,"₹8,539 per sqft"
,Villa,4 BHK,Yapral Hyderabad,1800 sqft,Ready to Move,,Semi-Furnished,East,Resale,"₹14,713 per sqft"
,Villa,4 BHK,Kompally Hyderabad,2700 sqft,Ready to Move,,Unfurnished,East,New Property,"₹10,179 per sqft"
,Villa,4 BHK,Gopanpally Hyderabad,5647 sqft,Ready to Move,,Semi-Furnished,East,Resale,"₹32,459 per sqft"
,Villa,5 BHK,Financial District,8500 sqft,Ready to Move,,Furnished,South - East,Resale,"₹46,667 per sqft"
,Apartment,2 BHK,Nizampet Hyderabad,1274 sqft,Ready to Move,2 out of 10,Semi-Furnished,East,Resale,"₹7,300 per sqft"
,Villa,4 BHK,Tellapur,3400 sqft,Ready to Move,,Furnished,East,Resale,"₹25,000 per sqft"
,Apartment,2 BHK,Tellapur,960 sqft,Ready to Move,22 out of 30,Unfurnished,East,Resale,"₹10,815 per sqft"
,Apartment,3 BHK,Defence Colony Sainikpuri Hyderabad,1310 sqft,Ready to Move,2 out of 3,Furnished,East,Resale,"₹5,954 per sqft"
,Apartment,4 BHK,Kompally Hyderabad,2676 sqft,Ready to Move,1 out of 5,Semi-Furnished,North - East,Resale,"₹6,353 per sqft"
,Apartment,3 BHK,Kondapur Hyderabad,2805 sqft,Ready to Move,3 out of 20,Unfurnished,East,Resale,"₹13,999 per sqft"
,Apartment,3 BHK,Gachibowli Hyderabad,2500 sqft,Ready to Move,6 out of 15,Unfurnished,West,Resale,"₹9,302 per sqft"
,Apartment,3 BHK,Miyapur,1830 sqft,Ready to Move,4 out of 10,Furnished,East,Resale,"₹6,842 per sqft"
,Apartment,3 BHK,Tellapur,2132 sqft,Ready to Move,8 out of 29,Unfurnished,East,New Property,
,Builder Floor,2 BHK,Shamirpet Hyderabad,1090 sqft,Poss. by Oct '26,1 out of 5,Unfurnished,East,Resale,"₹5,046 per sqft"
,Apartment,2 BHK,Sainikpuri Hyderabad,600 sqft,Ready to Move,3 out of 9,Unfurnished,West,Resale,"₹5,938 per sqft"
,Apartment,3 BHK,Serilingampalle M Hyderabad,2100 sqft,Ready to Move,37 out of 50,Unfurnished,East,Resale,"₹10,354 per sqft"
,Apartment,3 BHK,Nanakaramguda Hyderabad,1660 sqft,Ready to Move,9 out of 40,Unfurnished,West,Resale,"₹10,450 per sqft"
,Apartment,3 BHK,Financial District,1900 sqft,Ready to Move,35 out of 39,Unfurnished,East,Resale,"₹12,626 per sqft"
,Apartment,3 BHK,Nanakaramguda Hyderabad,2020 sqft,Ready to Move,6 out of 44,Unfurnished,North,New Property,"₹12,129 per sqft"
,Apartment,4 BHK,Narsingi,3330 sqft,Poss. by Oct '26,25 out of 45,Unfurnished,East,Resale,"₹9,459 per sqft"
,Apartment,3 BHK,Kompally Hyderabad,2225 sqft,Ready to Move,7 out of 14,Unfurnished,West,New Property,"₹6,292 per sqft"
,Apartment,3 BHK,Tellapur,1573 sqft,Ready to Move,29 out of 39,Unfurnished,West,Resale,"₹11,825 per sqft"
,House,6 BHK,Dammaiguda Hyderabad,1700 sqft,Ready to Move,,Semi-Furnished,East,Resale,"₹9,444 per sqft"
,Apartment,3 BHK,Rajendranagar Mandal Hyderabad,1300 sqft,Ready to Move,1 out of 10,Furnished,West,Resale,"₹9,509 per sqft"
,Apartment,2 BHK,AS Rao Nagar Hyderabad,909 sqft,Ready to Move,3 out of 5,Semi-Furnished,North,Resale,"₹4,800 per sqft"
,Apartment,2 BHK,Gajularamaram Hyderabad,1051 sqft,Ready to Move,2 out of 5,Unfurnished,West,Resale,"₹5,961 per sqft"
,House,6 BHK,Avanti Nagar Hyderabad,3621 sqft,Ready to Move,,Semi-Furnished,North - West,Resale,"₹10,145 per sqft"
,Apartment,3 BHK,Chikoti Gardens,1850 sqft,Ready to Move,5 out of 5,Semi-Furnished,East,Resale,"₹11,135 per sqft"
,House,4 BHK,Mahendra Hills,,Ready to Move,,Furnished,East,Resale,"₹14,690 per sqft"
,Apartment,3 BHK,Tellapur,1300 sqft,Ready to Move,5 out of 17,Furnished,East,Resale,"₹10,000 per sqft"
,Apartment,3 BHK,Kollur,1320 sqft,Ready to Move,7 out of 15,Unfurnished,North,Resale,"₹8,621 per sqft"
,Apartment,3 BHK,AGRL Colony,2000 sqft,Ready to Move,4 out of 5,Semi-Furnished,East,Resale,"₹5,417 per sqft"
,Apartment,3 BHK,Isnapur,990 sqft,Ready to Move,2 out of 5,Unfurnished,East,Resale,"₹4,280 per sqft"
,Apartment,2 BHK,Osman Nagar Hyderabad,1300 sqft,Ready to Move,3 out of 22,Unfurnished,West,Resale,"₹8,922 per sqft"
,Villa,4 BHK,Rampally Hyderabad,2300 sqft,Ready to Move,,Unfurnished,East,Resale,"₹6,596 per sqft"
,Apartment,2 BHK,Himayatnagar Hyderabad,990 sqft,Ready to Move,5 out of 5,Unfurnished,North,Resale,"₹11,893 per sqft"
,Apartment,3 BHK,Nizampet Hyderabad,1400 sqft,Ready to Move,11 out of 13,Furnished,West,Resale,"₹9,102 per sqft"
,Apartment,2 BHK,Pedda Amberpet Hyderabad,1150 sqft,Ready to Move,5 out of 6,Furnished,East,Resale,"₹4,083 per sqft"
,Apartment,3 BHK,Banjara Hills,1600 sqft,Ready to Move,3 out of 4,Semi-Furnished,North - East,Resale,"₹10,398 per sqft"
,Apartment,3 BHK,Suchitra Road Hyderabad,1900 sqft,Ready to Move,4 out of 14,Furnished,West,Resale,"₹11,795 per sqft"
,Apartment,3 BHK,Punjagutta,1300 sqft,Ready to Move,4 out of 5,Semi-Furnished,North,Resale,"₹6,667 per sqft"
,Apartment,3 BHK,Nalagandla Hyderabad,1700 sqft,Ready to Move,1 out of 20,Semi-Furnished,West,Resale,"₹7,778 per sqft"
,Builder Floor,3 BHK,Gachibowli Hyderabad,1500 sqft,Ready to Move,2 out of 5,Semi-Furnished,North - East,Resale,"₹9,218 per sqft"
,Villa,4 BHK,Beeramguda Ramachandrapuram Hyderabad,2800 sqft,Ready to Move,,Furnished,West,New Property,"₹6,000 per sqft"
,Builder Floor,3 BHK,Secunderabad Hyderabad,2000 sqft,Ready to Move,1 out of 5,Semi-Furnished,North,Resale,"₹5,760 per sqft"
,Apartment,3 BHK,Pragathi Nagar,1386 sqft,Ready to Move,8 out of 8,Unfurnished,East,Resale,"₹6,774 per sqft"
,House,2 BHK,SBH Colony LB Nagar Hyderabad,800 sqft,Ready to Move,,Furnished,North,Resale,"₹27,778 per sqft"
,House,8 BHK,DD Colony,4000 sqft,Ready to Move,,Semi-Furnished,West,Resale,"₹11,400 per sqft"
,Apartment,2 BHK,Singareni Colony Hyderabad,1050 sqft,Ready to Move,3 out of 4,Unfurnished,West,Resale,"₹4,870 per sqft"
,Apartment,3 BHK,Tellapur,1226 sqft,Ready to Move,3 out of 12,Unfurnished,West,Resale,"₹7,581 per sqft"
,Apartment,3 BHK,Gopanpalle Hyderabad,1800 sqft,Ready to Move,2 out of 5,Semi-Furnished,East,Resale,"₹11,351 per sqft"
,House,3 BHK,Narendra Nagar Colony Hyderabad,1500 sqft,Ready to Move,,Furnished,West,Resale,"₹10,341 per sqft"
,Apartment,2 BHK,Pragathi Nagar,1953 sqft,Ready to Move,3 out of 3,Semi-Furnished,North - East,Resale,"₹22,449 per sqft"
,Apartment,2 BHK,Manikonda Jagir Hyderabad,1250 sqft,Ready to Move,10 out of 10,Semi-Furnished,West,Resale,"₹10,606 per sqft"
,Apartment,2 BHK,Kondapur Hyderabad,990 sqft,Ready to Move,1 out of 4,Semi-Furnished,East,New Property,"₹6,872 per sqft"
,Apartment,2 BHK,Bachupally Hyderabad,685 sqft,Ready to Move,7 out of 33,Unfurnished,West,Resale,"₹7,658 per sqft"
,Apartment,2 BHK,Sainikpuri Hyderabad,900 sqft,Ready to Move,2 out of 5,Semi-Furnished,East,Resale,"₹5,940 per sqft"
,Apartment,2 BHK,Hema Nagar,1050 sqft,Ready to Move,5 out of 5,Semi-Furnished,East,Resale,"₹5,364 per sqft"
,Apartment,3 BHK,Malkajgiri Hyderabad,1450 sqft,Ready to Move,4 out of 5,Semi-Furnished,East,Resale,"₹7,333 per sqft"
,Apartment,2 BHK,Bandlaguda Jagir Hyderabad,1100 sqft,Ready to Move,5 out of 5,Unfurnished,West,New Property,"₹5,769 per sqft"
,Apartment,3 BHK,Miyapur,1312 sqft,Ready to Move,5 out of 5,Furnished,North,Resale,"₹9,130 per sqft"
,Villa,5 BHK,Shamshabad Hyderabad,5100 sqft,Ready to Move,,Furnished,North - East,Resale,"₹13,462 per sqft"
,Apartment,4 BHK,Kavadiguda,3700 sqft,Ready to Move,3 out of 14,Furnished,West,Resale,"₹16,000 per sqft"
,Apartment,3 BHK,IDA Uppal Hyderabad,1600 sqft,Ready to Move,5 out of 5,Unfurnished,East,Resale,"₹7,239 per sqft"
,Apartment,3 BHK,Serilingampalle M Hyderabad,1581 sqft,Ready to Move,14 out of 34,Unfurnished,West,Resale,"₹13,369 per sqft"
,House,3 BHK,Nagole Hyderabad,2000 sqft,Ready to Move,,Furnished,South - East,Resale,"₹10,227 per sqft"
,Apartment,3 BHK,Serilingampalle M Hyderabad,1800 sqft,Ready to Move,25 out of 39,Unfurnished,West,New Property,"₹11,634 per sqft"
,Apartment,4 BHK,Tirumalagiri Hyderabad,3200 sqft,Ready to Move,2 out of 5,Furnished,East,Resale,
,Apartment,3 BHK,Pragathi Nagar,998 sqft,Ready to Move,Ground out of 9,Semi-Furnished,West,Resale,"₹9,740 per sqft"
,Apartment,3 BHK,ALIND Employees Colony,1460 sqft,Ready to Move,5 out of 5,Unfurnished,East,Resale,"₹7,671 per sqft"
,Apartment,2 BHK,Venkata Ramana Colony Banjara Hills Hyderabad,1000 sqft,Ready to Move,3 out of 3,Semi-Furnished,East,Resale,"₹10,000 per sqft"
,Apartment,3 BHK,Yapral Main Road Hyderabad,1000 sqft,Ready to Move,3 out of 4,Unfurnished,East,Resale,"₹4,646 per sqft"
,Apartment,2 BHK,Rajendranagar Mandal Hyderabad,1000 sqft,Ready to Move,3 out of 5,Unfurnished,West,Resale,"₹6,299 per sqft"
,Apartment,4 BHK,Manikonda Jagir Hyderabad,3300 sqft,Ready to Move,27 out of 32,Semi-Furnished,East,Resale,"₹12,001 per sqft"
,Apartment,3 BHK,Kompally Hyderabad,1400 sqft,Ready to Move,1 out of 5,Semi-Furnished,North - East,Resale,"₹9,028 per sqft"
,Apartment,3 BHK,Kakatiya Hills Kavuri Hills Hyderabad,1650 sqft,Ready to Move,3 out of 5,Furnished,North - East,Resale,"₹9,383 per sqft"
,Apartment,3 BHK,Hafeezpet,1540 sqft,Ready to Move,5 out of 5,Furnished,East,Resale,"₹10,714 per sqft"
,Apartment,3 BHK,Balanagar Hyderabad,2155 sqft,Poss. by Sep '26,7 out of 16,Unfurnished,West,Resale,"₹8,585 per sqft"
,Villa,4 BHK,Kokapet,5200 sqft,Ready to Move,,Semi-Furnished,East,Resale,"₹25,926 per sqft"
,Apartment,3 BHK,Gachibowli Hyderabad,1886 sqft,Ready to Move,6 out of 18,Semi-Furnished,,Resale,"₹9,544 per sqft"
,Apartment,4 BHK,Kokapet,2100 sqft,Poss. by Dec '28,5 out of 13,Unfurnished,East,New Property,"₹11,891 per sqft"
,Apartment,3 BHK,Manchirevula,3080 sqft,Poss. by Jul '29,24 out of 55,Unfurnished,West,Resale,"₹7,500 per sqft"
,Apartment,3 BHK,Kollur,1855 sqft,Ready to Move,11 out of 21,Unfurnished,East,Resale,"₹6,469 per sqft"
,Apartment,2 BHK,Narsingi,1325 sqft,Ready to Move,6 out of 14,Unfurnished,West,Resale,"₹9,811 per sqft"
,Apartment,2 BHK,Kondapur Hyderabad,1295 sqft,Ready to Move,7 out of 19,Furnished,West,Resale,"₹14,286 per sqft"
,Apartment,2 BHK,TNGOS Colony Hyderabad,1100 sqft,Ready to Move,14 out of 17,Semi-Furnished,East,Resale,"₹10,980 per sqft"
,Apartment,3 BHK,Narsingi,2020 sqft,Ready to Move,31 out of 40,Unfurnished,East,Resale,"₹11,881 per sqft"
,Apartment,3 BHK,Nanakaramguda Hyderabad,2290 sqft,Poss. by Jul '28,20 out of 40,Unfurnished,West,Resale,"₹8,200 per sqft"
,Apartment,2 BHK,Kondapur Hyderabad,1225 sqft,Ready to Move,8 out of 16,Unfurnished,East,New Property,"₹8,980 per sqft"
,Apartment,3 BHK,Nanakaramguda Hyderabad,1600 sqft,Ready to Move,8 out of 14,Furnished,East,Resale,"₹10,345 per sqft"
,Villa,6 BHK,Velmala Hyderabad,4800 sqft,Poss. by Jan '27,,Unfurnished,East,New Property,"₹21,000 per sqft"
,Apartment,2 BHK,Mokila Hyderabad,1150 sqft,Ready to Move,4 out of 4,Semi-Furnished,West,New Property,
,Villa,4 BHK,Tellapur,3100 sqft,Poss. by Dec '26,,Unfurnished,East,New Property,"₹5,625 per sqft"
,Apartment,2 BHK,Nalagandla Hyderabad,1250 sqft,Ready to Move,6 out of 14,Semi-Furnished,East,Resale,"₹9,921 per sqft"
,Apartment,3 BHK,Hitech City Hyderabad,1600 sqft,Ready to Move,24 out of 31,Furnished,North,Resale,"₹11,250 per sqft"
,Apartment,3 BHK,Rajendranagar Mandal Hyderabad,2049 sqft,Poss. by Dec '26,8 out of 42,Unfurnished,East,Resale,"₹10,005 per sqft"
,Apartment,3 BHK,Narsingi,1386 sqft,Ready to Move,9 out of 35,Unfurnished,East,Resale,"₹9,505 per sqft"
,Villa,4 BHK,Kollur,3600 sqft,Ready to Move,,Unfurnished,West,New Property,"₹14,167 per sqft"
,Apartment,3 BHK,Nanakaramguda Hyderabad,1670 sqft,Ready to Move,20 out of 44,Unfurnished,East,New Property,"₹12,994 per sqft"
,Apartment,2 BHK,Adarsh Nagar Uppal Hyderabad,750 sqft,Ready to Move,1 out of 9,Semi-Furnished,East,Resale,"₹6,667 per sqft"
,Apartment,3 BHK,Yapral Hyderabad,1500 sqft,Ready to Move,1 out of 5,Semi-Furnished,,Resale,"₹7,333 per sqft"
,Apartment,2 BHK,Gowdavalli Hyderabad,1020 sqft,Ready to Move,3 out of 5,Unfurnished,West,New Property,"₹4,706 per sqft"
,Villa,3 BHK,Tukkuguda,2560 sqft,Ready to Move,,Unfurnished,North - West,Resale,"₹7,500 per sqft"
,Apartment,3 BHK,Tellapur,1578 sqft,Ready to Move,27 out of 40,Unfurnished,East,Resale,"₹10,021 per sqft"
,Villa,3 BHK,Secunderabad Hyderabad,1940 sqft,Ready to Move,,Furnished,West,Resale,"₹11,667 per sqft"
,Villa,4 BHK,Yapral Hyderabad,3800 sqft,Ready to Move,,Furnished,North - West,Resale,"₹11,842 per sqft"
,Villa,3 BHK,Bachupally Hyderabad,1850 sqft,Ready to Move,,Semi-Furnished,West,Resale,"₹9,730 per sqft"
,Apartment,3 BHK,Gandipet Hyderabad,1550 sqft,Ready to Move,1 out of 10,Unfurnished,East,Resale,"₹11,170 per sqft"
,Apartment,4 BHK,Sanjeeva Reddy Nagar,3600 sqft,Ready to Move,3 out of 4,Semi-Furnished,West,Resale,"₹11,111 per sqft"
,Apartment,3 BHK,Kollur,1620 sqft,Poss. by Sep '26,7 out of 14,,East,Resale,"₹7,022 per sqft"
,Apartment,3 BHK,Puppalguda Hyderabad,1500 sqft,Ready to Move,12 out of 32,Unfurnished,North,Resale,"₹12,558 per sqft"
,House,4 BHK,Gundlapochampally,2590 sqft,Ready to Move,,Semi-Furnished,East,Resale,"₹13,514 per sqft"
,Apartment,3 BHK,Tellapur,2208 sqft,Ready to Move,26 out of 32,Unfurnished,West,Resale,"₹11,775 per sqft"
,Apartment,2 BHK,Kollur,891 sqft,Poss. by Dec '27,6 out of 32,Unfurnished,East,New Property,"₹7,042 per sqft"
,Apartment,3 BHK,Jeedimetla Hyderabad,1650 sqft,Ready to Move,3 out of 9,Furnished,East,Resale,"₹7,758 per sqft"
,Apartment,3 BHK,Kokapet,1810 sqft,Ready to Move,16 out of 19,Unfurnished,East,Resale,"₹11,602 per sqft"
,Villa,4 BHK,Bhanur Hyderabad,2500 sqft,Ready to Move,,Unfurnished,West,New Property,"₹7,480 per sqft"
,Apartment,2 BHK,Kollur,1250 sqft,Ready to Move,15 out of 17,Unfurnished,West,Resale,"₹6,640 per sqft"
,Apartment,3 BHK,Financial District,1160 sqft,Ready to Move,4 out of 44,Unfurnished,East,Resale,"₹12,036 per sqft"
,Apartment,3 BHK,Kollur,2165 sqft,Poss. by Dec '26,5 out of 15,Unfurnished,East,Resale,"₹8,314 per sqft"
,Apartment,2 BHK,Kokapet,1048 sqft,Ready to Move,7 out of 9,Unfurnished,East,Resale,"₹10,305 per sqft"
,Apartment,3 BHK,Hafeezpet,1050 sqft,Ready to Move,1 out of 14,Furnished,West,Resale,"₹8,054 per sqft"
,Villa,4 BHK,Tukkuguda,4240 sqft,Poss. by Dec '26,,Unfurnished,East,New Property,"₹8,844 per sqft"
,Apartment,2 BHK,Serilingampalle M Hyderabad,1138 sqft,Ready to Move,17 out of 50,Unfurnished,East,New Property,"₹9,821 per sqft"
,Apartment,2 BHK,Madeenaguda Hyderabad,1100 sqft,Ready to Move,3 out of 5,Semi-Furnished,East,Resale,"₹7,273 per sqft"
,Apartment,3 BHK,Phase 4 KPHB Hyderabad,1860 sqft,Ready to Move,20 out of 32,Furnished,East,New Property,"₹15,054 per sqft"
,Apartment,3 BHK,Narsingi,2020 sqft,Ready to Move,7 out of 39,Unfurnished,West,Resale,"₹11,634 per sqft"
,Apartment,2 BHK,Kompally Hyderabad,1334 sqft,Ready to Move,8 out of 11,Unfurnished,East,Resale,"₹7,121 per sqft"
,Apartment,3 BHK,Manikonda Jagir Hyderabad,2100 sqft,Ready to Move,15 out of 15,Semi-Furnished,East,Resale,"₹10,455 per sqft"
,Apartment,2 BHK,Kukatpally,1135 sqft,Ready to Move,12 out of 18,Semi-Furnished,West,Resale,"₹7,445 per sqft"
,Apartment,3 BHK,Serilingampalle M Hyderabad,2540 sqft,Ready to Move,7 out of 50,Unfurnished,East,Resale,"₹10,630 per sqft"
,Apartment,3 BHK,Bachupally Hyderabad,1353 sqft,Ready to Move,22 out of 33,Unfurnished,East,Resale,"₹8,130 per sqft"
,Apartment,3 BHK,Velmala Hyderabad,1835 sqft,Poss. by Dec '26,6 out of 17,Unfurnished,West,Resale,"₹6,267 per sqft"
,Apartment,3 BHK,Miyapur,1225 sqft,Ready to Move,5 out of 5,Semi-Furnished,North,Resale,"₹8,100 per sqft"
,Villa,5 BHK,Rameshwar Banda Hyderabad,4173 sqft,Poss. by Jan '27,,Unfurnished,North - West,Resale,"₹6,590 per sqft"
,Villa,3 BHK,Mayuri Nagar Bachupally Hyderabad,2400 sqft,Ready to Move,,Semi-Furnished,West,Resale,"₹12,901 per sqft"
,Apartment,4 BHK,Kokapet,2530 sqft,Poss. by Oct '26,16 out of 35,Unfurnished,West,New Property,"₹11,300 per sqft"
,Apartment,3 BHK,Narsingi,1700 sqft,Ready to Move,8 out of 12,Furnished,East,Resale,"₹11,176 per sqft"
,Apartment,3 BHK,Bachupally Hyderabad,1635 sqft,Ready to Move,4 out of 5,Unfurnished,West,Resale,"₹5,443 per sqft"
,Apartment,3 BHK,Kukatpally,1350 sqft,Ready to Move,13 out of 17,Semi-Furnished,North,Resale,"₹9,038 per sqft"
,House,4 BHK,Jubilee Hills Hyderabad,6500 sqft,Poss. by Jun '27,,Unfurnished,East,Resale,"₹17,500 per sqft"
,Apartment,3 BHK,Gandhi Nagar Kavadiguda Hyderabad,1000 sqft,Ready to Move,7 out of 10,Semi-Furnished,North - East,Resale,
,Apartment,3 BHK,Miyapur,1880 sqft,Ready to Move,6 out of 35,Unfurnished,West,Resale,"₹9,043 per sqft"
,Villa,4 BHK,Patancheru Shankarpalli Road Hyderabad,3413 sqft,Ready to Move,,Unfurnished,North - East,Resale,"₹7,032 per sqft"
,Apartment,3 BHK,Hitech City Hyderabad,2500 sqft,Ready to Move,2 out of 9,Furnished,East,Resale,"₹13,770 per sqft"
,Apartment,3 BHK,Kokapet,1860 sqft,Poss. by Sep '26,9 out of 9,Unfurnished,West,Resale,"₹11,000 per sqft"
,Apartment,3 BHK,HMT Colony Miyapur Hyderabad,639 sqft,Ready to Move,8 out of 12,Furnished,East,Resale,"₹9,625 per sqft"
,Apartment,3 BHK,Hyder Shah Kote,1600 sqft,Ready to Move,4 out of 5,Furnished,West,Resale,"₹5,128 per sqft"
,Apartment,3 BHK,Kondapur Hyderabad,1190 sqft,Ready to Move,3 out of 5,Furnished,East,Resale,"₹10,087 per sqft"
,House,2 BHK,Bharat Nagar Kowkoor Hyderabad,2400 sqft,Ready to Move,,Furnished,South,Resale,"₹7,500 per sqft"
,Apartment,2 BHK,Hyder Nagar,1345 sqft,Ready to Move,10 out of 14,Unfurnished,West,New Property,"₹9,294 per sqft"
,Villa,5 BHK,Tellapur,4225 sqft,Poss. by Mar '27,,Unfurnished,East,Resale,"₹19,172 per sqft"
,Apartment,4 BHK,Kondapur Hyderabad,2300 sqft,Poss. by May '28,21 out of 47,Unfurnished,,Resale,"₹10,141 per sqft"
,Apartment,3 BHK,Balanagar Hyderabad,1700 sqft,Ready to Move,6 out of 16,Unfurnished,East,Resale,"₹9,118 per sqft"
,Apartment,3 BHK,Punjagutta Officers Colony Hyderabad,2000 sqft,Ready to Move,2 out of 3,Furnished,West,Resale,"₹9,000 per sqft"
,Villa,4 BHK,Bhanur Hyderabad,2700 sqft,Poss. by Jul '27,,Furnished,East,Resale,"₹6,667 per sqft"
,Apartment,3 BHK,Rajendranagar Mandal Hyderabad,1898 sqft,Poss. by Dec '27,13 out of 41,Unfurnished,,Resale,"₹9,484 per sqft"
,House,3 BHK,APHB Colony Moula Ali Hyderabad,3200 sqft,Ready to Move,,Semi-Furnished,North - East,Resale,"₹9,250 per sqft"
,House,10 BHK,Manikonda Jagir Hyderabad,7000 sqft,Ready to Move,1 out of 5,Furnished,East,Resale,"₹9,286 per sqft"
,Apartment,3 BHK,Hafeezpet,1425 sqft,Poss. by Sep '26,5 out of 14,Unfurnished,East,Resale,"₹8,772 per sqft"
,Apartment,2 BHK,Narsingi,1375 sqft,Ready to Move,4 out of 5,Unfurnished,East,Resale,"₹7,273 per sqft"
,Apartment,3 BHK,Kondapur Hyderabad,2225 sqft,Ready to Move,3 out of 9,Semi-Furnished,East,Resale,"₹11,461 per sqft"
,Apartment,2 BHK,Lingampally Road Hyderabad,790 sqft,Ready to Move,2 out of 4,Unfurnished,West,Resale,"₹6,235 per sqft"
,Apartment,3 BHK,Shaikpet Hyderabad,1875 sqft,Ready to Move,8 out of 22,Semi-Furnished,,Resale,"₹9,600 per sqft"
,Villa,4 BHK,Gandipet Hyderabad,2800 sqft,Ready to Move,,Unfurnished,East,New Property,"₹15,000 per sqft"
,Villa,4 BHK,Mokila Hyderabad,3200 sqft,Ready to Move,,Unfurnished,West,New Property,"₹12,993 per sqft"
,Villa,4 BHK,Gachibowli Hyderabad,4000 sqft,Ready to Move,,Unfurnished,West,Resale,"₹22,241 per sqft"
,Apartment,3 BHK,Narsingi,2180 sqft,Ready to Move,2 out of 2,Furnished,East,Resale,"₹11,927 per sqft"
,Apartment,3 BHK,Pocharam,1455 sqft,Ready to Move,4 out of 4,Unfurnished,,Resale,"₹3,986 per sqft"
,House,4 BHK,Sainathapuram Hyderabad,2000 sqft,Ready to Move,,Unfurnished,East,Resale,"₹6,227 per sqft"
,Apartment,4 BHK,Manikonda Jagir Hyderabad,3141 sqft,Ready to Move,31 out of 38,Furnished,East,Resale,"₹12,289 per sqft"
,Apartment,3 BHK,Narepally Hyderabad,1535 sqft,Ready to Move,3 out of 5,Unfurnished,East,New Property,"₹5,200 per sqft"
,Apartment,3 BHK,Miyapur,1880 sqft,Ready to Move,29 out of 35,Unfurnished,East,New Property,"₹9,574 per sqft"
,Apartment,3 BHK,Jubilee Hills Hyderabad,2400 sqft,Ready to Move,Ground out of 5,Unfurnished,West,New Property,"₹14,898 per sqft"
,Apartment,3 BHK,Kondapur Hyderabad,1400 sqft,Ready to Move,4 out of 5,Semi-Furnished,East,New Property,"₹8,125 per sqft"
,Villa,4 BHK,Puppalguda Hyderabad,5500 sqft,Ready to Move,,Furnished,West,Resale,"₹43,636 per sqft"
,Villa,5 BHK,Gopanpally Hyderabad,4500 sqft,Ready to Move,,Unfurnished,West,Resale,"₹19,316 per sqft"
,Apartment,4 BHK,Hitech City Hyderabad,4070 sqft,Ready to Move,22 out of 35,Furnished,West,Resale,"₹28,501 per sqft"
,Apartment,2 BHK,Gachibowli Hyderabad,1068 sqft,Ready to Move,1 out of 10,Semi-Furnished,East,Resale,"₹7,397 per sqft"
,Apartment,4 BHK,Puppalguda Hyderabad,5085 sqft,Poss. by Mar '29,15 out of 60,Unfurnished,East,New Property,"₹9,833 per sqft"
,Villa,4 BHK,Hill County,3100 sqft,Ready to Move,,Semi-Furnished,North,Resale,"₹21,774 per sqft"
,Apartment,4 BHK,Jubilee Hills Hyderabad,6358 sqft,Ready to Move,6 out of 11,Unfurnished,North,Resale,"₹20,447 per sqft"
,Villa,4 BHK,Gandi Maisamma,2280 sqft,Ready to Move,,Semi-Furnished,East,New Property,"₹8,000 per sqft"
,Apartment,3 BHK,Kowkoor Hyderabad,1690 sqft,Ready to Move,3 out of 5,Semi-Furnished,North,Resale,"₹7,101 per sqft"
,House,4 BHK,Dundigal,3839 sqft,Ready to Move,,Unfurnished,West,New Property,"₹6,500 per sqft"
,House,3 BHK,Boduppal,,Ready to Move,,Semi-Furnished,,New Property,"₹10,370 per sqft"
,Apartment,1 BHK,Miyapur,607 sqft,Ready to Move,6 out of 14,Unfurnished,,Resale,"₹6,096 per sqft"
,Apartment,3 BHK,Himayatnagar Hyderabad,1100 sqft,Ready to Move,6 out of 7,Unfurnished,North - East,New Property,"₹9,500 per sqft"
,Apartment,3 BHK,Shivrampalli Village Hyderabad,890 sqft,Ready to Move,7 out of 10,Semi-Furnished,East,Resale,"₹9,074 per sqft"
,Villa,3 BHK,Tukkuguda,2400 sqft,Ready to Move,,Unfurnished,West,Resale,"₹10,298 per sqft"
,Apartment,4 BHK,Hitech City Hyderabad,2700 sqft,Ready to Move,18 out of 35,Semi-Furnished,West,Resale,"₹24,570 per sqft"
,Apartment,2 BHK,Tellapur,1000 sqft,Ready to Move,2 out of 5,Unfurnished,East,New Property,"₹7,500 per sqft"
,Villa,4 BHK,Pedda Amberpet Hyderabad,2700 sqft,Poss. by Dec '26,,Unfurnished,West,Resale,"₹10,103 per sqft"
,Apartment,3 BHK,Nalagandla Hyderabad,1710 sqft,Ready to Move,20 out of 26,Unfurnished,East,Resale,"₹12,398 per sqft"
,House,4 BHK,Jubilee Hills Hyderabad,5999 sqft,Ready to Move,,Furnished,North - West,New Property,"₹1,08,333 per sqft"
,Apartment,3 BHK,Izzathnagar Hyderabad,2200 sqft,Ready to Move,35 out of 40,Unfurnished,,New Property,"₹15,000 per sqft"
,Apartment,3 BHK,Osman Nagar Hyderabad,1836 sqft,Ready to Move,9 out of 22,Unfurnished,,Resale,"₹9,477 per sqft"
,Villa,4 BHK,Kompally Hyderabad,3500 sqft,Ready to Move,,Unfurnished,West,New Property,"₹8,999 per sqft"
,Apartment,3 BHK,Rajendranagar Mandal Hyderabad,1026 sqft,Poss. by Mar '29,12 out of 40,Unfurnished,East,New Property,"₹6,260 per sqft"
,Apartment,3 BHK,Shivam Road Hyderabad,1460 sqft,Ready to Move,3 out of 5,Unfurnished,North,New Property,"₹9,247 per sqft"
,Apartment,3 BHK,Old MLA Quarters Hyderabad,1600 sqft,Poss. by Dec '26,3 out of 5,Unfurnished,East,Resale,"₹9,500 per sqft"
,Apartment,3 BHK,Nanakaramguda Hyderabad,2160 sqft,Ready to Move,21 out of 26,Semi-Furnished,East,Resale,"₹12,037 per sqft"
,Villa,3 BHK,Gangaram Maheshwaram Hyderabad,2250 sqft,Ready to Move,,Furnished,West,New Property,"₹6,760 per sqft"
,Villa,4 BHK,Kollur,3360 sqft,Poss. by Nov '26,,Unfurnished,West,New Property,"₹9,479 per sqft"
,Apartment,4 BHK,Manikonda Jagir Hyderabad,3150 sqft,Ready to Move,5 out of 36,Semi-Furnished,,Resale,"₹11,111 per sqft"
,Apartment,2 BHK,Pocharam,950 sqft,Ready to Move,3 out of 5,Unfurnished,East,New Property,"₹4,778 per sqft"
,Villa,3 BHK,Satamrai Hyderabad,1900 sqft,Ready to Move,,Unfurnished,East,New Property,"₹13,873 per sqft"
,Apartment,3 BHK,Thumkunta Hyderabad,1485 sqft,Ready to Move,4 out of 5,Semi-Furnished,East,Resale,"₹4,680 per sqft"
,Apartment,2 BHK,Somajiguda,1280 sqft,Ready to Move,4 out of 6,Semi-Furnished,West,Resale,"₹6,094 per sqft"
,Villa,3 BHK,Patancheruvu Hyderabad,2100 sqft,Poss. by Sep '26,,Unfurnished,East,New Property,"₹6,667 per sqft"
,Villa,3 BHK,Gopanpalle Hyderabad,2927 sqft,Ready to Move,,Semi-Furnished,East,Resale,"₹17,424 per sqft"
,Apartment,2 BHK,Adibatla Hyderabad,1110 sqft,Ready to Move,5 out of 8,Semi-Furnished,,Resale,"₹3,333 per sqft"
,House,4 BHK,Ameenpur Hyderabad,1600 sqft,Ready to Move,,Unfurnished,East,Resale,"₹5,135 per sqft"
,Villa,3 BHK,Gundlapochampally,2280 sqft,Ready to Move,,Furnished,East,Resale,"₹8,772 per sqft"
,Apartment,3 BHK,Venkat Nagar Banjara Hills Hyderabad,2753 sqft,Ready to Move,2 out of 2,Semi-Furnished,East,Resale,"₹15,256 per sqft"
,Apartment,3 BHK,Tellapur,2650 sqft,Ready to Move,5 out of 39,Unfurnished,West,Resale,"₹9,811 per sqft"
,Apartment,2 BHK,Tellapur,1265 sqft,Ready to Move,3 out of 14,Semi-Furnished,East,Resale,"₹10,672 per sqft"
,Apartment,2 BHK,Narsingi,1200 sqft,Ready to Move,4 out of 5,Unfurnished,,Resale,"₹5,833 per sqft"
,Apartment,2 BHK,Ameenpur Road Hyderabad,1085 sqft,Ready to Move,2 out of 5,Unfurnished,,Resale,"₹5,346 per sqft"
,Apartment,3 BHK,Kondapur Hyderabad,2445 sqft,Ready to Move,18 out of 35,Semi-Furnished,West,New Property,"₹11,452 per sqft"
,Apartment,3 BHK,Kothaguda Hyderabad,2100 sqft,Ready to Move,7 out of 7,Semi-Furnished,West,Resale,"₹10,357 per sqft"
,Apartment,4 BHK,Basheer Bagh,2900 sqft,Ready to Move,5 out of 5,Unfurnished,East,Resale,"₹6,552 per sqft"
,Apartment,3 BHK,Masjid Banda Hyderabad,1810 sqft,Ready to Move,10 out of 27,Semi-Furnished,East,Resale,"₹8,661 per sqft"
,Apartment,2 BHK,Kondapur Hyderabad,899 sqft,Ready to Move,7 out of 25,Semi-Furnished,East,Resale,"₹14,341 per sqft"
,Apartment,3 BHK,Suchitra Road Hyderabad,2057 sqft,Ready to Move,10 out of 12,Semi-Furnished,West,Resale,"₹6,050 per sqft"
,Apartment,3 BHK,Miyapur,1940 sqft,Poss. by Oct '26,26 out of 46,Unfurnished,West,Resale,"₹8,505 per sqft"
,Apartment,3 BHK,Osman Nagar Hyderabad,2280 sqft,Ready to Move,10 out of 15,Unfurnished,West,Resale,"₹7,456 per sqft"
,Apartment,2 BHK,Puppalguda Hyderabad,902 sqft,Poss. by Oct '26,27 out of 36,Unfurnished,East,New Property,"₹10,646 per sqft"
,Apartment,3 BHK,Bachupally Hyderabad,930 sqft,Ready to Move,9 out of 40,Unfurnished,East,Resale,"₹8,130 per sqft"
,Apartment,2 BHK,Serilingampalle M Hyderabad,1537 sqft,Ready to Move,15 out of 50,Unfurnished,West,Resale,"₹9,434 per sqft"
,Apartment,3 BHK,Alwal Hyderabad,1545 sqft,Poss. by Sep '26,3 out of 5,Unfurnished,East,Resale,"₹4,515 per sqft"
,Apartment,3 BHK,Kondapur Hyderabad,2550 sqft,Ready to Move,2 out of 19,Unfurnished,West,Resale,"₹10,588 per sqft"
,Apartment,3 BHK,Kukatpally,1661 sqft,Poss. by Sep '26,32 out of 33,Unfurnished,North - East,Resale,"₹8,429 per sqft"
,Apartment,3 BHK,Puppalguda Hyderabad,1905 sqft,,34 out of 36,Unfurnished,East,Resale,"₹12,000 per sqft"
,Apartment,3 BHK,Puppalguda Hyderabad,1128 sqft,Ready to Move,22 out of 32,Unfurnished,West,Resale,"₹12,722 per sqft"
,Apartment,2 BHK,Hyder Nagar,1345 sqft,Ready to Move,10 out of 14,Unfurnished,West,Resale,"₹10,037 per sqft"
,Villa,4 BHK,Tellapur,3005 sqft,Ready to Move,,Unfurnished,East,Resale,"₹12,646 per sqft"
,Apartment,3 BHK,LB Nagar,1535 sqft,Ready to Move,5 out of 13,Unfurnished,East,Resale,"₹7,166 per sqft"
,House,3 BHK,Medchal Hyderabad,,Ready to Move,,Semi-Furnished,North,Resale,"₹4,444 per sqft"
,Apartment,3 BHK,Puppalguda Hyderabad,1520 sqft,Ready to Move,15 out of 32,Unfurnished,East,Resale,"₹13,292 per sqft"
,Apartment,2 BHK,Alkapur Township,1446 sqft,Ready to Move,12 out of 16,Unfurnished,West,Resale,"₹7,953 per sqft"
,Apartment,3 BHK,Nagole Hyderabad,1840 sqft,,6 out of 8,Unfurnished,West,Resale,"₹6,793 per sqft"
,Apartment,2 BHK,Abhudaya Nagar Colony,1405 sqft,Ready to Move,3 out of 15,Unfurnished,,Resale,"₹6,975 per sqft"
,Apartment,3 BHK,Nagole Hyderabad,1650 sqft,Ready to Move,3 out of 7,Unfurnished,,New Property,"₹6,643 per sqft"
,Villa,5 BHK,Hitech City Hyderabad,3600 sqft,Poss. by Jul '27,,Unfurnished,East,New Property,"₹12,083 per sqft"
,Apartment,3 BHK,Kondapur Hyderabad,1785 sqft,Ready to Move,3 out of 5,Furnished,East,Resale,
,Apartment,3 BHK,Financial District,2220 sqft,Ready to Move,14 out of 39,Unfurnished,West,Resale,"₹11,261 per sqft"
,Apartment,3 BHK,Kondapur Hyderabad,1350 sqft,Ready to Move,10 out of 34,Unfurnished,East,Resale,"₹10,137 per sqft"
,Apartment,2 BHK,Osman Nagar Hyderabad,1357 sqft,Ready to Move,15 out of 22,Unfurnished,East,Resale,"₹9,948 per sqft"
,Apartment,3 BHK,Khajaguda Hyderabad,1500 sqft,Ready to Move,12 out of 12,Semi-Furnished,East,Resale,"₹7,485 per sqft"
,Apartment,3 BHK,Nalagandla Hyderabad,1275 sqft,Ready to Move,7 out of 26,Semi-Furnished,East,Resale,"₹12,042 per sqft"
,Apartment,3 BHK,Bandari Layout Hyderabad,1540 sqft,Ready to Move,3 out of 5,Furnished,North - East,Resale,"₹5,999 per sqft"
,Apartment,2 BHK,HUDA Layout Nalagandla Hyderabad,798 sqft,Ready to Move,26 out of 26,Unfurnished,,Resale,"₹14,113 per sqft"
,Apartment,3 BHK,Miyapur,1360 sqft,Ready to Move,31 out of 47,Unfurnished,West,New Property,"₹8,767 per sqft"
,Apartment,3 BHK,Uppal,1505 sqft,Poss. by Aug '26,7 out of 14,,East,Resale,"₹11,628 per sqft"
,Apartment,3 BHK,Hitech City Hyderabad,2270 sqft,,25 out of 32,Unfurnished,West,Resale,"₹11,013 per sqft"
,Villa,4 BHK,Kollur,3792 sqft,Ready to Move,,Unfurnished,East,Resale,"₹11,076 per sqft"
,Apartment,5 BHK,Serilingampalle M Hyderabad,5136 sqft,Ready to Move,38 out of 40,Unfurnished,East,Resale,"₹11,538 per sqft"
,Apartment,3 BHK,Financial District,1556 sqft,Ready to Move,7 out of 39,Unfurnished,West,New Property,"₹11,036 per sqft"
,Apartment,3 BHK,Bachupally Hyderabad,1965 sqft,Poss. by Dec '26,5 out of 5,Unfurnished,North,Resale,"₹4,987 per sqft"
,Apartment,3 BHK,Puppalguda Hyderabad,1712 sqft,,6 out of 34,Unfurnished,North,Resale,"₹12,500 per sqft"
,Apartment,2 BHK,Puppalguda Hyderabad,1326 sqft,Ready to Move,18 out of 35,Unfurnished,East,Resale,
,Apartment,2 BHK,Patancheruvu Hyderabad,1170 sqft,Ready to Move,4 out of 5,Unfurnished,West,Resale,"₹4,359 per sqft"
,Villa,4 BHK,Financial District,5500 sqft,Ready to Move,,Unfurnished,West,New Property,"₹30,909 per sqft"
,Apartment,2 BHK,Patancheruvu Hyderabad,910 sqft,Poss. by Nov '26,3 out of 5,Unfurnished,West,Resale,"₹6,174 per sqft"
,Apartment,3 BHK,Jaya Prakash Narayan Nagar Hyderabad,1688 sqft,Ready to Move,25 out of 48,Unfurnished,East,Resale,"₹9,834 per sqft"
,Apartment,4 BHK,Bachupally Hyderabad,1274 sqft,Ready to Move,33 out of 33,Unfurnished,East,New Property,"₹9,143 per sqft"
,Apartment,2 BHK,Osman Nagar Hyderabad,1140 sqft,Ready to Move,6 out of 9,Unfurnished,West,Resale,"₹8,400 per sqft"
,Apartment,3 BHK,Serilingampalle M Hyderabad,1794 sqft,,6 out of 19,Semi-Furnished,West,Resale,"₹7,525 per sqft"
,Apartment,2 BHK,Narsingi,1250 sqft,Ready to Move,1 out of 5,Semi-Furnished,East,Resale,"₹7,819 per sqft"
,Apartment,3 BHK,Shaikpet Hyderabad,1495 sqft,Ready to Move,11 out of 18,Semi-Furnished,West,Resale,"₹14,047 per sqft"
,Apartment,4 BHK,Kondapur Hyderabad,2500 sqft,Ready to Move,5 out of 5,Furnished,,Resale,"₹8,594 per sqft"
,Apartment,3 BHK,Shaikpet Hyderabad,1571 sqft,Ready to Move,5 out of 5,Semi-Furnished,West,Resale,"₹8,275 per sqft"
,Apartment,2 BHK,Gajularamaram Hyderabad,1090 sqft,Ready to Move,6 out of 7,Furnished,North - East,New Property,"₹7,609 per sqft"
,Apartment,3 BHK,Mallampet,1550 sqft,Ready to Move,3 out of 5,Semi-Furnished,East,Resale,"₹5,290 per sqft"
,Villa,4 BHK,Kollur,4255 sqft,Ready to Move,,Unfurnished,West,Resale,"₹15,600 per sqft"
,Apartment,2 BHK,AS Rao Nagar Hyderabad,1053 sqft,Ready to Move,4 out of 5,Unfurnished,East,Resale,"₹4,000 per sqft"
,Apartment,3 BHK,P Janardhan Reddy Nagar,2300 sqft,Ready to Move,1 out of 19,Semi-Furnished,East,Resale,"₹10,581 per sqft"
,Apartment,3 BHK,Kollur,1600 sqft,Ready to Move,9 out of 14,Unfurnished,West,Resale,"₹6,353 per sqft"
,Apartment,3 BHK,Kakatiya Hills Kavuri Hills Hyderabad,1400 sqft,Ready to Move,2 out of 4,Semi-Furnished,South,Resale,"₹9,517 per sqft"
,Apartment,3 BHK,Narsingi,1800 sqft,Ready to Move,29 out of 30,Semi-Furnished,East,Resale,"₹13,086 per sqft"
,Apartment,3 BHK,Nizampet Hyderabad,1480 sqft,Ready to Move,1 out of 5,Semi-Furnished,West,Resale,"₹7,619 per sqft"
,Apartment,3 BHK,Lingampally Serilingampalle Hyderabad,1605 sqft,Ready to Move,23 out of 50,Unfurnished,West,Resale,"₹8,972 per sqft"
,Apartment,2 BHK,Puppalguda Hyderabad,1250 sqft,Ready to Move,5 out of 5,Semi-Furnished,North,Resale,"₹10,000 per sqft"
,Apartment,3 BHK,Puppalguda Hyderabad,1700 sqft,Ready to Move,8 out of 31,Unfurnished,East,Resale,"₹14,786 per sqft"
,Apartment,3 BHK,Malkajgiri Hyderabad,1100 sqft,Ready to Move,4 out of 4,Unfurnished,North - East,Resale,"₹3,167 per sqft"
,Apartment,3 BHK,Moti Nagar Erragadda Hyderabad,1542 sqft,Ready to Move,6 out of 15,Furnished,East,Resale,"₹11,712 per sqft"
,Apartment,2 BHK,Bowrampet,1275 sqft,Ready to Move,3 out of 10,Unfurnished,West,Resale,"₹5,490 per sqft"
,Apartment,2 BHK,Basti Nabi Kareem Hyderabad,1016 sqft,Ready to Move,1 out of 5,Semi-Furnished,North,Resale,"₹7,310 per sqft"
,Villa,4 BHK,Kapra Hyderabad,2844 sqft,Ready to Move,,Semi-Furnished,East,Resale,"₹9,845 per sqft"
,Apartment,2 BHK,Rethibowli,810 sqft,Ready to Move,2 out of 5,Unfurnished,South,Resale,"₹5,000 per sqft"
,Apartment,3 BHK,Kondapur Hyderabad,1945 sqft,Ready to Move,21 out of 28,Unfurnished,East,Resale,"₹9,512 per sqft"
,Apartment,3 BHK,Chanda Nagar Hyderabad,1650 sqft,Ready to Move,3 out of 12,Unfurnished,East,Resale,"₹8,000 per sqft"
,Apartment,3 BHK,Quthbullapur,1796 sqft,Ready to Move,4 out of 6,Unfurnished,West,New Property,"₹5,750 per sqft"
,Villa,5 BHK,Gandipet Hyderabad,4700 sqft,Ready to Move,,Semi-Furnished,East,Resale,"₹27,800 per sqft"
,Villa,4 BHK,Shankarpally Road Hyderabad,4505 sqft,Ready to Move,,Unfurnished,East,New Property,"₹11,000 per sqft"
,Villa,4 BHK,Narsinghi Hyderabad,3650 sqft,Ready to Move,,Unfurnished,West,New Property,"₹21,111 per sqft"
,Apartment,3 BHK,Financial District,2700 sqft,Ready to Move,5 out of 14,Unfurnished,West,Resale,"₹10,556 per sqft"
,Apartment,2 BHK,Pragathi Nagar,1103 sqft,Poss. by Jan '27,3 out of 5,Semi-Furnished,West,New Property,"₹6,249 per sqft"
,Villa,5 BHK,Tellapur,5400 sqft,Poss. by Dec '26,,Unfurnished,East,Resale,"₹14,630 per sqft"
,Apartment,2 BHK,Gundlapochampalli Hyderabad,990 sqft,Poss. by Jun '28,5 out of 13,Unfurnished,East,New Property,"₹6,200 per sqft"
,Apartment,2 BHK,Anand Nagar Colony Kondapur Hyderabad,1161 sqft,Ready to Move,4 out of 5,Semi-Furnished,West,Resale,"₹7,752 per sqft"
,Apartment,2 BHK,Adibatla Hyderabad,760 sqft,Ready to Move,3 out of 8,Unfurnished,East,Resale,"₹3,539 per sqft"
,Villa,3 BHK,Kowkoor Hyderabad,,Ready to Move,,Furnished,North,Resale,"₹9,503 per sqft"
,Apartment,3 BHK,Kollur,1790 sqft,Poss. by Jun '29,10 out of 35,Unfurnished,East,New Property,"₹4,749 per sqft"
,House,2 BHK,Beeramguda Main Road Hyderabad,1250 sqft,Ready to Move,Ground out of 1,Unfurnished,West,New Property,
,Apartment,2 BHK,Puppalguda Hyderabad,1050 sqft,Poss. by Nov '26,3 out of 5,Semi-Furnished,West,New Property,"₹6,000 per sqft"
,House,3 BHK,Kokapet,1798 sqft,Poss. by Aug '30,,Unfurnished,,New Property,"₹9,316 per sqft"
,Apartment,3 BHK,Tellapur,2083 sqft,Ready to Move,7 out of 9,Furnished,,Resale,"₹10,082 per sqft"
,Villa,3 BHK,Mokila Hyderabad,2400 sqft,Ready to Move,,Furnished,,Resale,"₹15,625 per sqft"
,Apartment,3 BHK,Gundlapochampally,1182 sqft,Ready to Move,10 out of 15,Furnished,,Resale,"₹10,064 per sqft"
,House,3 BHK,Kowkoor Hyderabad,2850 sqft,Ready to Move,,Unfurnished,West,New Property,"₹4,833 per sqft"
,Apartment,3 BHK,Kompally Hyderabad,2000 sqft,Ready to Move,2 out of 6,Furnished,,Resale,
,Apartment,2 BHK,Kutbi Guda,739 sqft,Ready to Move,7 out of 10,Unfurnished,North,Resale,"₹5,000 per sqft"
,House,7 BHK,Kistamma Enclave Hyderabad,2000 sqft,Ready to Move,,Unfurnished,East,Resale,"₹14,787 per sqft"
,Apartment,2 BHK,Peerzadiguda,1030 sqft,Ready to Move,4 out of 5,Semi-Furnished,,Resale,"₹6,626 per sqft"
,Apartment,3 BHK,Sun City,1400 sqft,Ready to Move,3 out of 5,Unfurnished,East,Resale,"₹5,733 per sqft"
,Apartment,3 BHK,Kousalya Colony Hyderabad,1540 sqft,Ready to Move,2 out of 4,Unfurnished,West,Resale,"₹5,195 per sqft"
,Apartment,3 BHK,LB Nagar,2300 sqft,Ready to Move,2 out of 4,Unfurnished,East,Resale,"₹6,207 per sqft"
,Apartment,3 BHK,Gajularamaram Hyderabad,1400 sqft,Ready to Move,2 out of 5,Semi-Furnished,,Resale,"₹5,552 per sqft"
,Apartment,3 BHK,Moti Nagar Erragadda Hyderabad,1250 sqft,Ready to Move,,Semi-Furnished,,Resale,"₹7,120 per sqft"
,House,4 BHK,Nizampet Hyderabad,,Ready to Move,,Unfurnished,,Resale,"₹14,781 per sqft"
,Apartment,3 BHK,Gachibowli Hyderabad,2365 sqft,Ready to Move,3 out of 20,Semi-Furnished,,Resale,"₹10,994 per sqft"
,Apartment,2 BHK,Saleem Nagar Colony Hyderabad,900 sqft,Ready to Move,3 out of 5,Semi-Furnished,East,Resale,"₹5,949 per sqft"
,Villa,3 BHK,Indresham,1710 sqft,Ready to Move,,Furnished,,Resale,"₹6,725 per sqft"
,Villa,4 BHK,Khajaguda Hyderabad,4500 sqft,Ready to Move,,Unfurnished,West,Resale,"₹25,896 per sqft"
,Apartment,2 BHK,Adarsh Nagar Uppal Hyderabad,1190 sqft,Ready to Move,4 out of 5,Unfurnished,East,New Property,"₹6,608 per sqft"
,Apartment,3 BHK,modi platimum hyderabad Hyderabad,1500 sqft,Ready to Move,Upper Basement out of 10,Furnished,,Resale,"₹7,333 per sqft"
,House,2 BHK,Lingojiguda Saroornagar Hyderabad,,Ready to Move,,Unfurnished,East,Resale,"₹13,484 per sqft"
,House,6 BHK,Gajularamaram Hyderabad,3808 sqft,Ready to Move,,Furnished,West,Resale,"₹5,978 per sqft"
,Apartment,3 BHK,Kondapur Hyderabad,1865 sqft,Ready to Move,2 out of 5,Semi-Furnished,West,Resale,"₹9,008 per sqft"
,Apartment,3 BHK,Gangaram Chanda Nagar Hyderabad,1521 sqft,Ready to Move,3 out of 5,Unfurnished,East,Resale,"₹7,688 per sqft"
,Apartment,3 BHK,BN Reddy Nagar Hyderabad,1900 sqft,Ready to Move,2 out of 4,Unfurnished,North,Resale,"₹5,500 per sqft"
,Villa,4 BHK,Patancheruvu Hyderabad,2520 sqft,Ready to Move,,Semi-Furnished,East,Resale,"₹9,048 per sqft"
,Apartment,4 BHK,Banjara Hills,2000 sqft,Ready to Move,3 out of 5,Semi-Furnished,,Resale,
,Villa,3 BHK,Shadnagar Hyderabad,1550 sqft,Ready to Move,,Semi-Furnished,,Resale,
,Apartment,3 BHK,Whitefields Hyderabad,1247 sqft,Ready to Move,2 out of 8,Semi-Furnished,East,Resale,"₹10,160 per sqft"
,Builder Floor,2 BHK,Gaman residency,925 sqft,Ready to Move,1 out of 5,Semi-Furnished,,Resale,"₹5,946 per sqft"
,Apartment,3 BHK,Kondapur Hyderabad,1981 sqft,Ready to Move,3 out of 15,Unfurnished,East,New Property,"₹11,106 per sqft"
,Apartment,3 BHK,Shaikpet Hyderabad,1990 sqft,Ready to Move,7 out of 22,Unfurnished,,Resale,"₹10,553 per sqft"
,Apartment,3 BHK,Gachibowli Hyderabad,1674 sqft,Ready to Move,Ground out of 14,Semi-Furnished,East,Resale,"₹12,443 per sqft"
,Apartment,2 BHK,Pocharam,1100 sqft,Ready to Move,13 out of 14,Unfurnished,East,Resale,"₹5,725 per sqft"
,Apartment,3 BHK,Hitech City Hyderabad,2100 sqft,Ready to Move,30 out of 31,Unfurnished,,Resale,"₹11,429 per sqft"
,Villa,3 BHK,Mokila Hyderabad,2250 sqft,Ready to Move,,Unfurnished,East,New Property,"₹13,117 per sqft"
,Apartment,2 BHK,Badangpet Hyderabad,950 sqft,Ready to Move,2 out of 3,Unfurnished,West,Resale,"₹5,300 per sqft"
,Apartment,2 BHK,Kowkoor Hyderabad,925 sqft,Ready to Move,3 out of 5,Semi-Furnished,West,Resale,"₹3,568 per sqft"
,Villa,4 BHK,Narsingi,4572 sqft,Poss. by Jun '27,,Unfurnished,East,Resale,"₹28,434 per sqft"
,Apartment,3 BHK,Block C Sri Ramnagar Hyderabad,1800 sqft,Ready to Move,22 out of 29,Unfurnished,West,Resale,"₹9,647 per sqft"
